frame_idx,nombre_archivo,brisque_orig,brisque_sin_hud,niqe_orig,niqe_sin_hud,sigma_orig,sigma_sin_hud,var_lap_orig,var_lap_sin_hud
1,frame_00001.png,45.78,50.13,5.575,5.676,2.9652,2.9652,155.07,35.86
16,frame_00016.png,40.11,46.4,5.713,6.142,2.9652,2.9652,272.06,112.47
31,frame_00031.png,26.86,34.87,4.829,5.667,4.4477,2.9652,442.9,140.61
46,frame_00046.png,24.23,29.33,4.742,5.268,4.4477,2.9652,476.0,141.44
61,frame_00061.png,28.17,34.36,4.931,5.481,4.4477,2.9652,453.23,146.73
76,frame_00076.png,44.96,48.38,5.818,5.516,2.9652,2.9652,579.98,158.78
91,frame_00091.png,46.52,47.47,6.031,5.642,5.9303,4.4477,228.42,101.8
106,frame_00106.png,31.39,36.48,5.018,5.318,5.9303,4.4477,412.23,139.93
121,frame_00121.png,28.4,34.18,4.483,4.811,5.9303,4.4477,421.67,150.56
136,frame_00136.png,34.8,39.45,5.003,5.15,4.4477,4.4477,330.03,137.86
151,frame_00151.png,35.46,38.85,4.935,5.155,5.9303,4.4477,310.91,149.24
166,frame_00166.png,34.67,38.18,5.046,5.218,4.4477,4.4477,316.06,160.78
181,frame_00181.png,37.07,40.59,4.997,4.914,4.4477,4.4477,286.28,138.55
196,frame_00196.png,32.86,38.28,4.967,5.075,4.4477,4.4477,405.24,138.01
211,frame_00211.png,94.7,105.13,16.189,27.15,0.0,0.0,1216.62,383.91
226,frame_00226.png,50.18,49.31,5.906,5.656,2.9652,2.9652,229.54,130.64
241,frame_00241.png,88.72,110.04,20.27,24.014,0.0,0.0,278.28,3.12
256,frame_00256.png,69.76,73.34,6.673,6.917,0.0,0.0,880.56,488.08
271,frame_00271.png,70.18,76.04,9.565,9.021,0.0,0.0,402.37,68.04
286,frame_00286.png,53.26,55.16,6.922,7.234,2.9652,2.9652,265.37,94.27
301,frame_00301.png,49.65,51.19,6.42,6.803,2.9652,2.9652,177.86,52.8
316,frame_00316.png,40.06,45.81,5.808,6.162,2.9652,2.9652,284.02,74.11
331,frame_00331.png,30.0,36.41,5.382,6.127,2.9652,2.9652,482.62,84.06
346,frame_00346.png,19.94,24.49,4.205,5.121,4.4477,2.9652,569.95,87.26
361,frame_00361.png,19.68,26.21,4.231,5.302,4.4477,2.9652,540.91,84.52
376,frame_00376.png,17.88,22.63,3.749,4.906,4.4477,4.4477,567.02,84.42
391,frame_00391.png,29.66,36.82,4.84,5.816,4.4477,2.9652,394.34,75.63
406,frame_00406.png,18.82,23.93,3.918,5.164,4.4477,2.9652,524.11,75.69
421,frame_00421.png,31.55,39.81,5.312,6.037,2.9652,2.9652,398.75,69.77
436,frame_00436.png,21.04,25.73,3.996,4.972,4.4477,2.9652,510.26,69.28
451,frame_00451.png,34.12,40.45,5.398,5.926,2.9652,2.9652,275.83,61.76
466,frame_00466.png,33.58,38.18,5.573,5.602,2.9652,2.9652,285.34,60.5
481,frame_00481.png,30.74,40.22,5.33,5.684,4.4477,2.9652,320.04,62.91
496,frame_00496.png,25.36,34.3,4.631,5.295,4.4477,2.9652,394.82,68.84
511,frame_00511.png,55.42,64.94,7.88,8.331,0.0,0.0,719.69,322.95
526,frame_00526.png,42.08,41.45,6.085,5.908,2.9652,2.9652,252.46,124.28
541,frame_00541.png,33.38,36.22,5.111,5.005,4.4477,2.9652,444.43,195.14
556,frame_00556.png,22.23,29.84,4.138,4.29,4.4477,4.4477,590.5,180.63
571,frame_00571.png,90.97,110.72,21.31,20.942,0.0,0.0,330.5,6.16
586,frame_00586.png,41.52,52.43,6.698,6.641,1.4826,1.4826,784.81,276.47
601,frame_00601.png,49.91,51.04,6.187,5.524,2.9652,2.9652,184.23,92.2
616,frame_00616.png,32.66,39.02,4.484,4.533,4.4477,4.4477,541.06,145.89
631,frame_00631.png,53.08,56.11,6.255,6.457,2.9652,2.9652,142.04,47.07
646,frame_00646.png,50.52,50.89,6.0,5.865,2.9652,2.9652,164.55,79.07
661,frame_00661.png,32.51,40.09,4.715,4.91,4.4477,4.4477,556.87,142.92
676,frame_00676.png,70.35,73.17,9.947,9.956,1.4826,1.4826,242.23,28.43
691,frame_00691.png,77.98,85.82,12.971,12.141,0.0,0.0,898.26,389.59
706,frame_00706.png,47.63,50.53,6.432,6.136,2.9652,2.9652,136.13,53.78
721,frame_00721.png,42.63,43.2,5.631,5.801,2.9652,2.9652,162.13,66.68
736,frame_00736.png,29.42,33.74,4.943,5.071,2.9652,2.9652,349.18,106.37
751,frame_00751.png,47.43,50.52,5.182,5.029,2.9652,2.9652,256.04,109.36
766,frame_00766.png,48.69,48.57,6.551,5.767,2.9652,2.9652,170.04,82.84
781,frame_00781.png,37.49,42.34,5.508,4.892,2.9652,2.9652,432.25,155.36
796,frame_00796.png,27.53,34.21,4.332,4.621,4.4477,2.9652,659.82,164.25
811,frame_00811.png,30.73,35.4,3.966,4.666,4.4477,2.9652,689.73,201.83
826,frame_00826.png,33.3,38.11,4.129,4.833,4.4477,2.9652,627.87,176.77
841,frame_00841.png,31.5,36.82,4.088,4.754,4.4477,2.9652,723.39,201.42
856,frame_00856.png,33.26,35.46,4.088,4.71,4.4477,2.9652,621.07,192.87
871,frame_00871.png,28.4,32.66,3.769,4.456,4.4477,2.9652,777.05,231.24
886,frame_00886.png,31.27,34.86,3.902,4.745,4.4477,2.9652,707.98,210.71
901,frame_00901.png,28.43,32.39,3.561,4.197,4.4477,4.4477,859.95,262.39
916,frame_00916.png,32.81,35.85,4.014,4.723,4.4477,2.9652,714.46,211.66
931,frame_00931.png,29.39,33.36,4.063,4.897,4.4477,2.9652,811.29,246.05
946,frame_00946.png,24.38,28.99,3.439,4.341,4.4477,4.4477,917.72,292.47
961,frame_00961.png,24.56,29.11,3.58,4.554,4.4477,4.4477,888.17,277.43
976,frame_00976.png,29.49,33.45,3.971,4.663,4.4477,2.9652,758.3,229.86
991,frame_00991.png,28.13,32.16,3.814,4.543,4.4477,2.9652,834.3,260.77
1006,frame_01006.png,28.1,32.27,3.837,4.658,4.4477,2.9652,752.13,240.3
1021,frame_01021.png,28.55,32.96,3.861,4.665,4.4477,2.9652,724.53,225.87
1036,frame_01036.png,66.66,72.65,9.464,9.061,0.0,0.0,474.69,195.63
1051,frame_01051.png,50.93,48.05,6.103,6.267,2.9652,2.9652,216.82,74.36
1066,frame_01066.png,39.88,41.12,4.859,5.192,2.9652,2.9652,463.94,157.98
1081,frame_01081.png,32.87,36.17,4.331,4.629,2.9652,2.9652,632.28,181.69
1096,frame_01096.png,35.9,40.67,4.687,5.174,2.9652,2.9652,687.18,176.3
1111,frame_01111.png,33.06,38.28,4.096,4.949,2.9652,2.9652,704.44,183.34
1126,frame_01126.png,25.52,34.05,4.134,4.901,4.4477,2.9652,677.99,117.91
1141,frame_01141.png,29.0,37.45,4.678,5.18,2.9652,2.9652,614.94,120.66
1156,frame_01156.png,26.67,34.55,4.016,4.501,4.4477,2.9652,715.31,129.87
1171,frame_01171.png,49.13,53.93,7.633,7.635,1.4826,1.4826,312.08,40.85
1186,frame_01186.png,48.98,55.54,6.564,6.425,1.4826,1.4826,380.44,140.38
1201,frame_01201.png,40.39,46.97,5.657,5.936,2.9652,1.4826,387.75,114.77
1216,frame_01216.png,37.16,51.76,6.479,6.925,1.4826,1.4826,560.83,109.34
1231,frame_01231.png,43.45,50.67,6.053,6.49,1.4826,1.4826,421.87,104.43
1246,frame_01246.png,35.12,42.2,5.187,5.36,2.9652,1.4826,452.85,119.16
1261,frame_01261.png,32.63,37.7,4.846,4.979,2.9652,2.9652,522.57,134.9
1276,frame_01276.png,33.01,39.72,4.968,4.985,2.9652,2.9652,481.43,132.89
1291,frame_01291.png,37.26,41.47,5.165,5.088,4.4477,2.9652,399.05,149.71
1306,frame_01306.png,57.85,61.31,7.147,7.432,1.4826,1.4826,220.67,36.36
1321,frame_01321.png,72.81,81.05,10.57,9.759,0.0,0.0,287.73,101.71
1336,frame_01336.png,39.76,43.42,5.293,5.778,2.9652,2.9652,184.35,75.64
1351,frame_01351.png,35.37,45.85,5.784,5.886,2.9652,2.9652,420.51,107.4
1366,frame_01366.png,33.38,43.97,5.303,5.523,2.9652,2.9652,402.06,104.82
1381,frame_01381.png,92.72,111.0,22.35,28.968,0.0,0.0,319.88,3.76
1396,frame_01396.png,72.24,71.23,8.159,7.983,0.0,0.0,591.96,278.43
1411,frame_01411.png,51.61,53.8,6.423,6.475,2.9652,2.9652,111.68,46.36
1426,frame_01426.png,43.02,44.56,5.422,5.832,2.9652,2.9652,206.13,71.47
1441,frame_01441.png,40.78,44.77,5.179,5.585,2.9652,2.9652,264.83,73.99
1456,frame_01456.png,41.9,45.89,5.614,5.7,2.9652,2.9652,272.1,88.29
1471,frame_01471.png,38.06,44.33,5.828,5.743,2.9652,2.9652,327.08,91.14
1486,frame_01486.png,43.09,46.75,5.693,5.717,2.9652,2.9652,284.43,97.0
1501,frame_01501.png,42.32,45.65,5.89,5.803,2.9652,2.9652,212.09,74.57
1516,frame_01516.png,46.03,49.85,6.367,6.195,2.9652,2.9652,217.96,71.46
1531,frame_01531.png,44.06,51.61,5.673,6.094,2.9652,2.9652,276.03,91.15
1546,frame_01546.png,51.83,53.74,6.554,6.629,2.9652,1.4826,106.79,32.35
1561,frame_01561.png,53.34,58.12,6.218,6.287,1.4826,1.4826,140.51,39.48
1576,frame_01576.png,49.32,50.52,6.252,6.44,2.9652,2.9652,121.66,49.94
1591,frame_01591.png,46.65,47.79,6.236,5.834,2.9652,2.9652,183.5,85.22
1606,frame_01606.png,50.71,53.12,6.172,6.013,2.9652,2.9652,169.01,65.37
1621,frame_01621.png,41.41,45.01,5.2,5.407,4.4477,2.9652,313.62,112.1
1636,frame_01636.png,42.91,46.12,5.425,5.528,4.4477,2.9652,291.1,100.12
1651,frame_01651.png,34.76,42.36,4.613,4.878,4.4477,4.4477,475.12,125.77
1666,frame_01666.png,31.36,38.49,4.252,4.567,4.4477,4.4477,517.96,124.06
1681,frame_01681.png,49.44,50.97,6.525,6.237,2.9652,2.9652,153.16,75.7
1696,frame_01696.png,46.55,49.52,5.998,6.018,2.9652,2.9652,171.38,74.71
1711,frame_01711.png,38.61,44.04,5.005,4.956,4.4477,2.9652,417.61,139.75
1726,frame_01726.png,31.66,39.08,4.105,4.478,4.4477,4.4477,603.69,163.84
1741,frame_01741.png,34.44,41.02,4.373,4.699,4.4477,4.4477,618.55,153.41
1756,frame_01756.png,31.6,38.5,3.812,4.316,5.9303,4.4477,611.57,162.86
1771,frame_01771.png,35.9,40.92,4.753,4.782,4.4477,2.9652,505.19,140.37
1786,frame_01786.png,39.74,45.4,4.896,4.884,2.9652,2.9652,532.8,122.95
1801,frame_01801.png,54.18,56.73,6.759,6.6,2.9652,2.9652,150.44,72.61
1816,frame_01816.png,41.24,49.29,5.591,5.612,4.4477,4.4477,400.81,122.98
1831,frame_01831.png,43.04,49.38,5.702,5.492,4.4477,4.4477,468.1,130.31
1846,frame_01846.png,38.64,43.89,4.893,4.977,5.9303,4.4477,605.63,140.72
1861,frame_01861.png,41.3,45.21,5.37,5.207,4.4477,4.4477,432.29,129.81
1876,frame_01876.png,42.28,49.74,5.233,5.337,4.4477,4.4477,581.3,129.86
1891,frame_01891.png,38.23,44.49,4.924,5.109,5.9303,4.4477,560.67,136.97
1906,frame_01906.png,78.75,78.8,9.952,10.045,0.0,0.0,182.48,14.23
1921,frame_01921.png,53.5,56.42,6.677,6.542,2.9652,2.9652,176.32,73.44
1936,frame_01936.png,49.2,51.1,6.061,6.134,4.4477,2.9652,175.0,81.67
1951,frame_01951.png,50.4,51.41,6.225,6.459,2.9652,2.9652,111.0,43.59
1966,frame_01966.png,47.26,51.58,5.432,5.619,4.4477,2.9652,309.23,114.59
1981,frame_01981.png,39.99,45.3,4.5,4.804,5.9303,4.4477,441.38,126.68
1996,frame_01996.png,43.26,51.03,5.569,5.928,2.9652,2.9652,246.81,83.9
2011,frame_02011.png,47.34,51.22,5.581,5.748,4.4477,2.9652,154.15,65.47
2026,frame_02026.png,36.63,45.63,4.273,4.664,5.9303,4.4477,529.75,134.9
2041,frame_02041.png,44.47,51.73,5.575,5.629,2.9652,2.9652,212.27,72.28
2056,frame_02056.png,44.62,51.12,5.712,5.896,2.9652,2.9652,292.22,88.47
2071,frame_02071.png,73.71,87.34,8.649,11.388,0.0,0.0,1040.39,397.95
2086,frame_02086.png,48.48,53.75,6.148,5.219,4.4477,4.4477,308.58,146.31
2101,frame_02101.png,46.05,49.33,5.213,4.979,4.4477,2.9652,192.72,100.56
2116,frame_02116.png,40.01,43.99,4.186,4.213,5.9303,4.4477,479.21,173.02
2131,frame_02131.png,36.38,41.72,3.508,3.981,5.9303,4.4477,628.11,208.03
2146,frame_02146.png,43.39,45.86,4.046,4.429,5.9303,4.4477,491.42,200.47
2161,frame_02161.png,37.49,40.5,3.57,3.989,5.9303,5.9303,641.93,245.88
2176,frame_02176.png,32.29,35.62,3.425,3.672,5.9303,5.9303,701.51,272.46
2191,frame_02191.png,37.79,40.08,3.526,3.889,5.9303,5.9303,764.2,296.36
2206,frame_02206.png,44.46,44.14,4.632,4.557,4.4477,4.4477,417.87,194.51
2221,frame_02221.png,33.08,36.24,3.482,3.694,7.4129,5.9303,754.12,306.57
2236,frame_02236.png,39.87,42.1,3.976,4.278,5.9303,4.4477,520.29,221.13
2251,frame_02251.png,36.75,37.95,3.661,3.868,7.4129,5.9303,761.42,320.75
2266,frame_02266.png,54.56,57.77,6.581,6.718,2.9652,2.9652,64.04,24.05
2281,frame_02281.png,53.5,55.01,5.889,5.985,2.9652,2.9652,138.91,63.45
2296,frame_02296.png,50.61,48.89,5.489,5.725,2.9652,2.9652,224.18,98.13
2311,frame_02311.png,44.6,46.64,4.667,5.03,2.9652,2.9652,493.27,148.24
2326,frame_02326.png,37.87,39.35,4.198,4.534,2.9652,2.9652,590.41,168.9
2341,frame_02341.png,33.7,37.13,3.768,4.233,4.4477,2.9652,705.17,207.96
2356,frame_02356.png,35.59,38.9,3.885,4.488,4.4477,2.9652,601.64,171.8
2371,frame_02371.png,35.91,42.2,4.044,4.497,2.9652,2.9652,529.9,91.42
2386,frame_02386.png,35.21,41.91,4.059,4.561,4.4477,2.9652,508.82,92.01
2401,frame_02401.png,56.13,59.56,7.952,7.918,1.4826,1.4826,469.49,85.38
2416,frame_02416.png,59.72,63.16,7.337,7.286,1.4826,1.4826,287.6,78.72
2431,frame_02431.png,48.05,51.66,5.845,5.936,2.9652,2.9652,197.44,74.09
2446,frame_02446.png,46.83,49.87,5.633,5.395,2.9652,2.9652,275.59,85.22
2461,frame_02461.png,43.33,50.51,5.455,5.56,2.9652,2.9652,303.63,98.59
2476,frame_02476.png,48.05,50.52,6.155,5.976,2.9652,2.9652,168.49,55.17
2491,frame_02491.png,48.24,50.61,5.816,6.061,2.9652,2.9652,157.84,48.19
2506,frame_02506.png,45.52,51.67,5.522,5.822,2.9652,2.9652,293.99,73.31
2521,frame_02521.png,42.19,47.63,5.447,5.588,2.9652,2.9652,243.97,83.72
2536,frame_02536.png,42.36,49.17,5.233,5.328,4.4477,2.9652,320.05,113.84
2551,frame_02551.png,37.88,45.11,4.9,5.049,2.9652,2.9652,409.3,117.24
2566,frame_02566.png,51.19,53.56,6.219,6.167,2.9652,2.9652,149.61,75.63
2581,frame_02581.png,49.0,52.52,6.005,6.035,2.9652,2.9652,140.42,57.39
2596,frame_02596.png,46.33,52.27,5.897,5.506,2.9652,2.9652,282.69,78.67
2611,frame_02611.png,67.25,70.89,8.194,8.573,1.4826,1.4826,460.77,93.41
2626,frame_02626.png,92.79,105.3,17.217,28.133,0.0,0.0,1106.65,366.49
2641,frame_02641.png,54.64,56.19,6.152,5.827,4.4477,2.9652,157.82,75.07
2656,frame_02656.png,51.52,54.42,5.873,5.864,4.4477,2.9652,154.58,76.98
2671,frame_02671.png,45.91,49.87,4.957,4.914,5.9303,4.4477,338.26,137.49
2686,frame_02686.png,37.82,42.79,3.852,4.156,7.4129,5.9303,567.82,187.17
2701,frame_02701.png,36.39,40.46,3.582,3.906,8.8955,7.4129,595.9,205.79
2716,frame_02716.png,52.54,56.17,5.65,5.698,4.4477,4.4477,161.14,84.38
2731,frame_02731.png,42.12,46.63,4.485,4.811,5.9303,4.4477,376.56,149.26
2746,frame_02746.png,45.27,49.01,4.918,4.99,5.9303,4.4477,370.16,146.47
2761,frame_02761.png,40.72,45.86,4.516,4.389,5.9303,4.4477,488.66,162.08
2776,frame_02776.png,46.17,52.6,6.913,6.604,2.9652,1.4826,399.29,52.38
2791,frame_02791.png,48.15,54.69,6.199,6.331,2.9652,2.9652,237.31,74.2
2806,frame_02806.png,45.52,49.29,5.377,5.404,4.4477,4.4477,255.17,114.88
2821,frame_02821.png,40.04,45.42,4.765,4.934,4.4477,4.4477,379.33,145.71
2836,frame_02836.png,46.39,49.5,5.385,5.341,4.4477,4.4477,221.08,112.43
2851,frame_02851.png,40.99,47.1,5.197,5.15,4.4477,4.4477,311.32,122.71
2866,frame_02866.png,40.9,46.36,5.801,5.862,4.4477,4.4477,624.23,221.53
2881,frame_02881.png,40.66,46.85,5.888,6.232,4.4477,4.4477,632.46,222.52
2896,frame_02896.png,48.95,52.19,5.707,5.551,4.4477,4.4477,381.64,167.53
2911,frame_02911.png,39.62,46.26,4.675,4.982,7.4129,5.9303,687.24,228.95
2926,frame_02926.png,42.5,46.59,4.924,5.025,5.9303,5.9303,414.53,142.96
2941,frame_02941.png,49.12,52.47,5.554,5.514,5.9303,4.4477,387.32,183.98
2956,frame_02956.png,44.54,49.94,4.951,5.007,7.4129,5.9303,647.43,223.72
2971,frame_02971.png,42.5,48.73,4.767,4.954,7.4129,5.9303,664.76,226.69
2986,frame_02986.png,39.5,47.91,5.646,5.922,4.4477,2.9652,411.54,110.52
3001,frame_03001.png,47.16,50.78,6.072,5.931,2.9652,2.9652,202.36,105.98
3016,frame_03016.png,51.76,52.81,6.16,6.333,2.9652,2.9652,144.87,65.27
3031,frame_03031.png,49.16,51.57,5.822,5.831,2.9652,2.9652,243.53,91.77
3046,frame_03046.png,45.41,47.53,5.945,5.971,2.9652,2.9652,299.28,97.51
3061,frame_03061.png,41.93,45.09,5.235,5.449,2.9652,2.9652,445.53,110.97
3076,frame_03076.png,74.53,85.35,8.132,8.129,0.0,0.0,870.37,194.96
3091,frame_03091.png,81.32,91.71,14.043,14.191,0.0,0.0,1065.86,469.26
3106,frame_03106.png,53.6,55.27,5.928,5.797,4.4477,4.4477,199.71,106.28
3121,frame_03121.png,48.87,53.32,5.658,5.873,4.4477,2.9652,176.91,99.59
3136,frame_03136.png,47.54,49.69,5.39,5.331,4.4477,4.4477,219.12,123.2
3151,frame_03151.png,44.29,46.5,4.875,4.802,4.4477,4.4477,354.63,147.27
3166,frame_03166.png,39.57,44.35,4.361,4.571,5.9303,4.4477,469.66,157.0
3181,frame_03181.png,43.96,47.14,6.188,6.045,2.9652,1.4826,464.53,98.53
3196,frame_03196.png,47.29,51.71,6.262,5.772,2.9652,2.9652,447.84,183.21
3211,frame_03211.png,44.96,47.45,5.861,5.978,4.4477,4.4477,261.32,138.62
3226,frame_03226.png,38.67,42.3,5.143,5.148,5.9303,4.4477,381.82,188.71
3241,frame_03241.png,36.53,41.01,4.842,4.764,5.9303,4.4477,477.73,200.3
3256,frame_03256.png,44.87,55.37,6.961,7.184,2.9652,1.4826,492.96,116.76
3271,frame_03271.png,43.36,45.46,6.39,5.965,2.9652,2.9652,408.04,170.59
3286,frame_03286.png,48.68,53.16,6.006,6.024,2.9652,2.9652,689.62,232.06
3301,frame_03301.png,40.52,47.83,4.836,5.423,4.4477,4.4477,872.91,252.12
3316,frame_03316.png,46.93,51.85,5.865,6.013,2.9652,2.9652,612.73,198.44
3331,frame_03331.png,43.95,55.58,6.375,7.233,2.9652,2.9652,1102.08,267.01
3346,frame_03346.png,42.72,50.88,6.142,6.208,4.4477,2.9652,710.24,209.45
3361,frame_03361.png,38.06,44.81,5.817,5.809,2.9652,2.9652,653.73,166.72
3376,frame_03376.png,44.26,47.43,5.795,5.635,4.4477,2.9652,340.24,143.09
3391,frame_03391.png,68.29,74.84,8.219,7.57,1.4826,1.4826,492.43,89.36
3406,frame_03406.png,43.99,49.71,6.769,6.667,4.4477,2.9652,318.6,128.66
3421,frame_03421.png,38.78,40.58,5.119,5.058,5.9303,4.4477,442.48,187.68
3436,frame_03436.png,35.06,37.67,5.056,4.88,4.4477,4.4477,409.17,166.79
3451,frame_03451.png,48.27,50.11,5.988,5.943,2.9652,2.9652,207.67,88.64
3466,frame_03466.png,48.55,53.81,7.508,6.784,2.9652,1.4826,326.24,49.73
3481,frame_03481.png,58.09,58.54,6.169,6.252,1.4826,1.4826,215.77,60.32
3496,frame_03496.png,49.13,53.7,5.756,5.782,2.9652,2.9652,181.07,70.06
3511,frame_03511.png,44.2,47.55,5.324,5.271,2.9652,2.9652,289.44,107.32
3526,frame_03526.png,35.96,42.61,4.651,4.828,4.4477,2.9652,486.51,117.72
3541,frame_03541.png,41.66,45.97,5.017,5.17,4.4477,2.9652,357.05,130.82
3556,frame_03556.png,40.35,44.81,4.605,4.706,5.9303,4.4477,417.78,155.64
3571,frame_03571.png,45.78,47.43,4.934,4.894,5.9303,4.4477,273.72,146.2
3586,frame_03586.png,41.03,44.53,4.291,4.494,5.9303,5.9303,429.0,170.59
3601,frame_03601.png,37.23,40.98,3.992,4.432,7.4129,5.9303,505.82,183.0
3616,frame_03616.png,72.69,86.08,9.135,9.73,0.0,0.0,291.06,36.87
3631,frame_03631.png,84.15,93.94,16.904,18.751,0.0,0.0,1015.17,488.42
3646,frame_03646.png,49.67,51.76,5.704,5.633,4.4477,4.4477,297.33,166.5
3661,frame_03661.png,40.73,43.45,4.906,5.023,4.4477,4.4477,407.39,157.15
3676,frame_03676.png,33.08,37.93,3.913,4.32,5.9303,5.9303,583.51,187.64
3691,frame_03691.png,45.01,46.72,5.331,5.252,4.4477,2.9652,192.72,93.85
3706,frame_03706.png,39.76,44.75,5.128,5.07,4.4477,4.4477,397.57,137.29
3721,frame_03721.png,32.12,38.28,4.214,4.5,5.9303,4.4477,484.85,141.29
3736,frame_03736.png,41.11,46.75,5.127,5.309,4.4477,4.4477,336.63,140.39
3751,frame_03751.png,33.41,40.3,4.268,4.658,5.9303,4.4477,513.84,157.38
3766,frame_03766.png,38.22,43.21,4.496,4.651,4.4477,4.4477,376.69,123.79
3781,frame_03781.png,50.07,56.48,6.846,6.637,1.4826,1.4826,372.83,110.88
3796,frame_03796.png,41.62,48.3,5.154,5.911,1.4826,1.4826,435.9,82.79
3811,frame_03811.png,53.3,64.59,6.876,7.286,1.4826,1.4826,656.7,191.42
3826,frame_03826.png,53.17,62.01,7.261,7.37,1.4826,1.4826,521.02,154.03
3841,frame_03841.png,42.17,53.04,6.123,6.409,1.4826,1.4826,651.51,121.43
3856,frame_03856.png,40.97,49.56,5.497,5.472,4.4477,2.9652,294.97,109.64
3871,frame_03871.png,35.07,41.98,5.657,5.54,4.4477,2.9652,334.37,123.48
3886,frame_03886.png,49.32,53.08,6.444,6.556,2.9652,2.9652,143.62,65.45
3901,frame_03901.png,32.06,38.72,4.836,5.103,4.4477,2.9652,535.26,133.41
3916,frame_03916.png,27.27,32.17,5.389,5.907,4.4477,2.9652,466.48,119.72
3931,frame_03931.png,76.77,77.99,7.677,9.194,0.0,0.0,282.67,19.3
3946,frame_03946.png,47.71,52.01,6.421,6.403,2.9652,2.9652,263.48,78.04
3961,frame_03961.png,40.12,43.15,5.654,5.516,2.9652,2.9652,290.89,127.29
3976,frame_03976.png,33.55,37.48,4.807,5.009,2.9652,2.9652,484.34,121.57
3991,frame_03991.png,53.24,54.41,7.04,6.647,2.9652,2.9652,188.91,31.31
4006,frame_04006.png,42.96,43.74,5.832,5.801,4.4477,2.9652,333.34,119.81
4021,frame_04021.png,54.85,59.58,6.534,7.106,1.4826,1.4826,393.24,72.4
4036,frame_04036.png,43.11,50.88,5.637,6.238,1.4826,1.4826,643.65,181.41
4051,frame_04051.png,33.26,41.41,4.284,5.328,2.9652,2.9652,722.67,175.71
4066,frame_04066.png,39.76,42.04,5.714,5.746,4.4477,2.9652,374.17,121.7
4081,frame_04081.png,41.33,53.23,6.234,6.213,2.9652,2.9652,396.71,133.63
4096,frame_04096.png,34.63,48.49,5.802,5.94,4.4477,2.9652,485.83,116.08
4111,frame_04111.png,31.44,48.35,5.345,6.085,4.4477,2.9652,542.48,114.34
4126,frame_04126.png,38.38,48.83,5.728,5.943,2.9652,2.9652,404.94,116.33
4141,frame_04141.png,33.95,47.27,5.734,6.132,4.4477,2.9652,547.96,118.35
4156,frame_04156.png,39.41,49.41,5.845,6.165,2.9652,2.9652,394.61,127.98
4171,frame_04171.png,37.65,49.55,6.154,6.179,2.9652,2.9652,472.49,116.37
4186,frame_04186.png,33.62,48.86,5.583,5.805,4.4477,2.9652,529.71,117.21
4201,frame_04201.png,32.39,48.16,5.648,5.949,4.4477,2.9652,527.65,115.24
4216,frame_04216.png,35.32,51.44,5.706,6.103,2.9652,2.9652,504.2,115.34
4231,frame_04231.png,35.9,50.87,5.889,6.098,2.9652,2.9652,481.47,115.15
4246,frame_04246.png,32.37,47.79,5.692,6.031,4.4477,2.9652,492.68,116.31
4261,frame_04261.png,46.8,47.93,5.929,6.158,2.9652,2.9652,164.35,56.59
4276,frame_04276.png,30.51,36.85,4.562,5.234,5.9303,4.4477,559.47,105.98
4291,frame_04291.png,48.3,51.87,6.127,5.846,2.9652,2.9652,193.86,80.73
4306,frame_04306.png,53.0,60.55,7.248,8.331,1.4826,1.4826,596.72,100.07
4321,frame_04321.png,51.36,52.3,6.861,5.892,2.9652,2.9652,146.16,53.36
4336,frame_04336.png,47.14,49.57,6.332,5.798,2.9652,2.9652,189.17,90.88
4351,frame_04351.png,32.03,36.94,4.634,5.085,4.4477,2.9652,444.84,124.69
4366,frame_04366.png,26.86,33.39,4.067,4.334,4.4477,4.4477,527.92,145.45
4381,frame_04381.png,42.89,46.02,5.871,5.805,2.9652,2.9652,332.38,112.75
4396,frame_04396.png,36.1,38.59,5.366,5.389,4.4477,4.4477,400.01,129.17
4411,frame_04411.png,30.73,33.82,4.191,4.912,5.9303,4.4477,577.49,135.7
4426,frame_04426.png,29.57,32.55,4.499,4.985,5.9303,4.4477,597.1,136.08
4441,frame_04441.png,28.67,32.82,4.7,5.025,5.9303,4.4477,552.42,127.82
4456,frame_04456.png,40.55,48.19,6.294,6.391,2.9652,2.9652,581.42,122.64
4471,frame_04471.png,47.56,49.92,5.909,5.903,2.9652,2.9652,278.02,114.79
4486,frame_04486.png,39.38,50.83,5.762,5.878,4.4477,2.9652,642.1,123.93
4501,frame_04501.png,39.62,49.98,5.8,5.747,4.4477,2.9652,555.88,126.62
4516,frame_04516.png,41.1,50.79,5.823,5.842,4.4477,2.9652,535.83,125.86
4531,frame_04531.png,38.14,47.0,6.089,5.964,2.9652,2.9652,394.88,108.93
4546,frame_04546.png,47.02,56.83,6.817,6.648,2.9652,1.4826,360.28,104.38
4561,frame_04561.png,49.43,51.39,6.389,6.546,2.9652,1.4826,184.29,60.33
4576,frame_04576.png,46.27,50.85,6.965,6.863,1.4826,1.4826,316.5,101.5
4591,frame_04591.png,43.12,50.16,7.206,7.07,1.4826,1.4826,394.6,103.57
4606,frame_04606.png,38.72,50.37,6.662,7.173,1.4826,1.4826,404.01,109.61
4621,frame_04621.png,49.76,57.8,6.956,7.268,1.4826,1.4826,388.4,101.03
4636,frame_04636.png,46.82,54.56,7.134,7.095,1.4826,1.4826,545.79,122.25
4651,frame_04651.png,47.31,55.32,7.846,8.032,1.4826,1.4826,713.81,111.96
4666,frame_04666.png,86.17,100.12,13.106,15.144,0.0,0.0,397.65,197.78
4681,frame_04681.png,60.58,61.51,7.799,7.983,1.4826,1.4826,237.02,78.37
4696,frame_04696.png,44.36,54.93,8.377,8.809,1.4826,1.4826,597.17,93.52
4711,frame_04711.png,47.37,56.97,8.545,8.75,1.4826,1.4826,623.85,87.97
4726,frame_04726.png,46.82,55.67,8.553,9.139,1.4826,1.4826,638.35,89.1
4741,frame_04741.png,56.5,60.93,9.359,9.526,1.4826,1.4826,638.05,86.35
4756,frame_04756.png,50.49,59.9,8.778,9.187,1.4826,1.4826,630.96,86.59
4771,frame_04771.png,50.24,58.46,7.864,8.44,1.4826,1.4826,660.48,88.01
4786,frame_04786.png,45.45,55.08,7.299,7.923,1.4826,1.4826,629.1,89.27
4801,frame_04801.png,61.83,66.6,9.507,9.965,1.4826,1.4826,661.94,87.46
4816,frame_04816.png,47.27,55.06,7.826,8.078,1.4826,1.4826,646.24,91.22
4831,frame_04831.png,43.81,48.81,7.12,7.858,1.4826,1.4826,668.71,94.94
4846,frame_04846.png,47.64,54.84,7.563,7.594,1.4826,1.4826,628.69,95.0
4861,frame_04861.png,45.29,52.85,7.062,7.548,1.4826,1.4826,589.24,90.72
4876,frame_04876.png,50.6,54.07,6.838,6.723,1.4826,1.4826,592.46,86.2
4891,frame_04891.png,42.67,49.09,6.005,6.111,1.4826,1.4826,607.76,86.94
4906,frame_04906.png,53.15,61.3,8.475,8.319,1.4826,1.4826,576.52,91.41
4921,frame_04921.png,46.45,56.02,7.911,8.236,1.4826,1.4826,638.92,88.95
4936,frame_04936.png,57.44,68.04,9.523,9.326,1.4826,0.0,611.82,85.45
4951,frame_04951.png,54.59,66.66,8.921,8.428,1.4826,1.4826,615.08,84.4
4966,frame_04966.png,52.03,56.24,7.025,7.598,2.9652,1.4826,232.94,40.55
4981,frame_04981.png,37.53,48.39,6.336,6.379,2.9652,1.4826,373.61,94.21
4996,frame_04996.png,40.47,43.12,5.703,5.782,2.9652,2.9652,293.86,89.8
5011,frame_05011.png,39.34,46.33,5.814,5.599,2.9652,2.9652,312.57,121.97
5026,frame_05026.png,28.18,38.01,4.525,5.039,4.4477,2.9652,595.87,124.87
5041,frame_05041.png,23.0,32.28,3.735,4.656,4.4477,2.9652,537.55,99.61
5056,frame_05056.png,39.9,43.84,5.49,5.549,4.4477,2.9652,211.74,91.1
5071,frame_05071.png,32.46,38.46,4.806,5.224,4.4477,2.9652,400.7,113.22
5086,frame_05086.png,50.86,52.31,5.758,6.342,1.4826,1.4826,153.49,45.19
5101,frame_05101.png,36.34,44.28,4.872,5.324,2.9652,2.9652,224.33,89.02
5116,frame_05116.png,29.32,36.51,4.18,4.602,2.9652,2.9652,408.67,112.95
5131,frame_05131.png,39.18,42.28,5.093,5.315,2.9652,2.9652,287.37,122.99
5146,frame_05146.png,37.08,38.94,5.163,5.375,2.9652,2.9652,289.13,128.24
5161,frame_05161.png,26.16,30.76,4.132,4.506,2.9652,2.9652,535.87,180.4
5176,frame_05176.png,55.17,55.33,6.073,6.308,1.4826,1.4826,137.42,58.99
5191,frame_05191.png,46.82,49.46,6.475,6.242,2.9652,2.9652,209.17,124.88
5206,frame_05206.png,32.48,36.73,4.358,4.831,4.4477,2.9652,533.97,125.2
5221,frame_05221.png,29.58,34.72,4.171,4.8,4.4477,4.4477,526.09,118.13
5236,frame_05236.png,25.82,28.0,3.368,3.9,5.9303,4.4477,689.61,197.6
5251,frame_05251.png,42.02,45.49,5.831,6.211,2.9652,2.9652,280.67,98.94
5266,frame_05266.png,31.43,33.73,4.293,4.683,4.4477,2.9652,647.95,213.1
5281,frame_05281.png,32.63,35.92,4.252,4.651,4.4477,2.9652,665.52,225.57
5296,frame_05296.png,31.35,35.18,4.148,4.509,4.4477,2.9652,588.27,186.23
5311,frame_05311.png,27.3,30.57,3.602,4.258,4.4477,4.4477,745.2,246.49
5326,frame_05326.png,29.55,32.53,3.951,4.521,4.4477,2.9652,651.13,203.12
5341,frame_05341.png,29.87,35.38,4.11,4.866,4.4477,2.9652,514.15,150.58
5356,frame_05356.png,28.59,32.32,3.953,4.571,4.4477,2.9652,598.49,186.87
5371,frame_05371.png,26.65,29.83,3.703,4.447,4.4477,2.9652,691.66,228.51
5386,frame_05386.png,33.46,37.85,4.24,5.067,4.4477,2.9652,512.28,157.23
5401,frame_05401.png,28.25,32.48,3.781,4.555,4.4477,2.9652,557.1,178.89
5416,frame_05416.png,25.19,29.06,3.563,4.353,4.4477,4.4477,648.37,217.12
5431,frame_05431.png,26.1,30.34,3.618,4.544,4.4477,4.4477,598.32,192.04
5446,frame_05446.png,25.41,28.19,3.794,4.386,4.4477,2.9652,720.28,251.48
5461,frame_05461.png,33.61,36.31,4.015,4.627,4.4477,2.9652,529.54,168.7
5476,frame_05476.png,25.73,27.4,3.442,4.093,4.4477,4.4477,717.97,251.24
5491,frame_05491.png,48.19,49.05,5.661,5.841,2.9652,2.9652,291.12,131.02
5506,frame_05506.png,55.87,53.49,6.491,6.855,1.4826,1.4826,85.49,21.66
5521,frame_05521.png,51.22,54.9,5.861,6.24,2.9652,2.9652,365.91,152.39
5536,frame_05536.png,41.57,48.17,5.14,5.517,2.9652,2.9652,602.84,190.11
5551,frame_05551.png,34.03,42.78,4.513,5.06,2.9652,2.9652,839.22,225.58
5566,frame_05566.png,31.03,40.23,4.225,4.746,2.9652,2.9652,839.82,238.96
5581,frame_05581.png,36.6,45.16,4.44,5.238,2.9652,2.9652,828.68,154.51
5596,frame_05596.png,31.74,41.57,4.005,5.028,2.9652,2.9652,832.0,157.08
5611,frame_05611.png,30.36,39.77,3.803,5.031,2.9652,2.9652,801.42,134.41
5626,frame_05626.png,30.68,41.77,4.169,4.932,2.9652,2.9652,756.23,165.42
5641,frame_05641.png,35.64,43.84,4.086,4.989,2.9652,2.9652,763.9,150.7
5656,frame_05656.png,37.69,48.84,5.126,5.255,2.9652,2.9652,628.5,181.03
5671,frame_05671.png,32.57,41.24,4.01,5.052,2.9652,2.9652,811.11,165.01
5686,frame_05686.png,31.88,44.29,4.465,5.092,2.9652,2.9652,723.92,176.1
5701,frame_05701.png,35.72,44.15,4.069,4.977,2.9652,2.9652,785.28,151.52
5716,frame_05716.png,37.74,48.5,5.153,5.496,2.9652,2.9652,602.2,178.42
5731,frame_05731.png,33.35,43.34,4.171,5.191,2.9652,2.9652,796.3,170.01
5746,frame_05746.png,31.88,40.42,3.783,4.925,2.9652,2.9652,811.13,171.18
5761,frame_05761.png,36.64,46.25,4.439,5.181,2.9652,2.9652,781.57,158.63
5776,frame_05776.png,32.32,41.43,3.925,4.938,2.9652,2.9652,724.6,114.52
5791,frame_05791.png,35.39,43.1,4.209,5.097,2.9652,2.9652,755.4,167.05
5806,frame_05806.png,33.0,40.05,3.714,4.469,2.9652,2.9652,826.9,207.22
5821,frame_05821.png,31.96,40.49,4.13,4.628,2.9652,2.9652,738.34,219.81
5836,frame_05836.png,31.76,40.76,3.92,4.742,2.9652,2.9652,833.81,245.14
5851,frame_05851.png,30.76,37.22,3.753,4.25,2.9652,2.9652,925.39,322.1
5866,frame_05866.png,31.1,37.97,3.793,4.151,2.9652,2.9652,848.27,285.75
5881,frame_05881.png,28.78,34.66,3.519,3.971,4.4477,2.9652,952.28,334.59
5896,frame_05896.png,35.35,40.63,4.014,4.512,2.9652,2.9652,888.53,291.02
5911,frame_05911.png,29.39,34.42,3.521,4.171,4.4477,2.9652,977.39,351.98
5926,frame_05926.png,29.15,33.92,3.196,4.115,4.4477,2.9652,969.25,348.88
5941,frame_05941.png,28.71,39.34,3.591,5.003,2.9652,2.9652,660.58,148.3
5956,frame_05956.png,63.25,66.66,7.866,8.559,1.4826,1.4826,404.57,82.19
5971,frame_05971.png,52.34,55.99,6.473,6.127,2.9652,2.9652,125.39,50.68
5986,frame_05986.png,48.71,51.03,6.06,5.907,4.4477,4.4477,155.81,57.72
6001,frame_06001.png,42.07,43.73,5.313,5.17,4.4477,4.4477,176.09,72.76
6016,frame_06016.png,33.95,35.85,4.643,4.354,5.9303,4.4477,457.12,138.34
6031,frame_06031.png,93.09,108.19,19.892,28.819,0.0,0.0,155.92,5.01
6046,frame_06046.png,73.95,74.38,9.661,8.937,0.0,0.0,598.1,258.36
6061,frame_06061.png,46.55,47.61,6.031,5.614,4.4477,4.4477,274.95,136.37
6076,frame_06076.png,31.31,37.58,4.397,4.942,5.9303,4.4477,561.19,151.76
6091,frame_06091.png,46.09,48.29,6.271,6.437,2.9652,2.9652,87.79,28.86
6106,frame_06106.png,34.24,42.15,4.867,5.178,4.4477,2.9652,338.43,105.89
6121,frame_06121.png,44.37,48.45,5.779,5.888,4.4477,2.9652,170.51,79.02
6136,frame_06136.png,44.36,46.25,5.668,5.509,5.9303,4.4477,215.73,117.19
6151,frame_06151.png,43.19,46.68,5.841,5.667,5.9303,4.4477,320.22,134.92
6166,frame_06166.png,40.89,43.79,5.105,5.117,5.9303,4.4477,414.92,161.51
6181,frame_06181.png,74.58,87.44,9.968,9.738,0.0,0.0,708.86,118.87
6196,frame_06196.png,55.83,56.89,6.208,5.707,4.4477,4.4477,155.92,93.5
6211,frame_06211.png,46.98,49.13,5.545,5.39,4.4477,4.4477,168.63,89.95
6226,frame_06226.png,45.5,46.45,5.546,5.152,5.9303,4.4477,126.03,70.25
6241,frame_06241.png,41.22,45.53,4.525,4.57,7.4129,5.9303,382.6,154.28
6256,frame_06256.png,34.73,39.15,4.278,4.507,7.4129,5.9303,424.81,182.25
6271,frame_06271.png,88.08,92.69,13.565,14.233,0.0,0.0,937.0,492.98
6286,frame_06286.png,52.13,52.3,6.594,6.14,4.4477,4.4477,283.69,102.77
6301,frame_06301.png,46.72,48.53,5.372,5.53,5.9303,5.9303,409.85,177.49
6316,frame_06316.png,45.02,50.12,4.984,5.404,7.4129,5.9303,537.18,201.88
6331,frame_06331.png,48.53,49.23,6.176,6.204,5.9303,4.4477,338.11,194.82
6346,frame_06346.png,42.45,47.06,4.596,5.206,8.8955,7.4129,671.44,257.29
6361,frame_06361.png,50.23,50.14,6.388,6.19,5.9303,4.4477,366.01,199.92
6376,frame_06376.png,44.03,50.28,5.147,5.463,4.4477,4.4477,469.33,155.76
6391,frame_06391.png,42.84,49.36,4.288,4.772,5.9303,5.9303,606.8,174.48
6406,frame_06406.png,50.71,51.91,5.699,5.821,4.4477,4.4477,341.4,148.62
6421,frame_06421.png,96.74,106.23,18.071,28.679,0.0,0.0,1552.81,544.87
6436,frame_06436.png,55.98,55.27,6.777,6.528,2.9652,2.9652,346.16,149.69
6451,frame_06451.png,53.21,52.45,6.606,6.647,2.9652,2.9652,199.02,90.41
6466,frame_06466.png,51.11,56.54,6.367,6.097,1.4826,1.4826,369.33,85.87
6481,frame_06481.png,47.19,50.07,5.617,5.574,4.4477,2.9652,331.87,113.87
6496,frame_06496.png,45.35,49.76,5.292,5.196,4.4477,4.4477,513.99,173.59
6511,frame_06511.png,41.77,47.76,4.471,4.91,5.9303,4.4477,684.54,208.9
6526,frame_06526.png,48.89,50.97,6.501,6.666,4.4477,2.9652,287.55,102.03
6541,frame_06541.png,44.41,49.32,5.652,5.877,5.9303,4.4477,505.99,187.42
6556,frame_06556.png,49.66,50.97,6.194,6.089,5.9303,4.4477,287.84,137.27
6571,frame_06571.png,49.19,48.88,6.174,6.351,5.9303,4.4477,241.19,122.58
6586,frame_06586.png,49.53,52.88,6.265,6.686,4.4477,4.4477,293.27,111.81
6601,frame_06601.png,53.18,53.88,6.315,6.281,7.4129,5.9303,275.62,166.4
6616,frame_06616.png,50.45,52.13,6.065,6.038,7.4129,7.4129,418.08,219.75
6631,frame_06631.png,49.35,50.9,5.661,5.795,8.8955,7.4129,477.75,236.49
6646,frame_06646.png,45.34,48.4,5.09,5.323,8.8955,7.4129,592.45,263.32
6661,frame_06661.png,50.7,51.37,6.637,6.635,4.4477,4.4477,215.24,100.12
6676,frame_06676.png,49.58,50.15,6.335,5.89,4.4477,4.4477,144.94,86.88
6691,frame_06691.png,40.72,45.85,5.261,5.293,5.9303,4.4477,413.41,163.55
6706,frame_06706.png,45.32,50.55,5.077,5.533,5.9303,4.4477,466.02,190.47
6721,frame_06721.png,39.56,46.55,4.766,5.161,5.9303,4.4477,531.5,187.68
6736,frame_06736.png,42.05,47.57,5.355,5.508,5.9303,4.4477,468.03,190.44
6751,frame_06751.png,43.84,47.2,6.267,5.956,4.4477,4.4477,355.75,178.09
6766,frame_06766.png,40.33,47.69,5.246,5.206,5.9303,4.4477,522.16,196.89
6781,frame_06781.png,39.41,46.32,5.249,5.622,4.4477,4.4477,478.18,189.69
6796,frame_06796.png,38.14,43.12,5.138,5.538,4.4477,4.4477,457.91,193.21
6811,frame_06811.png,37.11,39.73,6.011,5.996,4.4477,4.4477,363.94,164.43
6826,frame_06826.png,36.73,39.8,5.918,5.923,4.4477,4.4477,350.08,161.26
6841,frame_06841.png,42.09,41.97,6.001,6.028,2.9652,2.9652,161.74,89.28
6856,frame_06856.png,34.92,35.55,6.247,5.873,4.4477,2.9652,324.36,139.09
6871,frame_06871.png,29.24,30.47,5.812,6.007,4.4477,4.4477,341.87,138.09
6886,frame_06886.png,30.74,32.2,5.987,5.615,4.4477,4.4477,311.23,129.97
6901,frame_06901.png,32.94,33.79,6.129,5.765,4.4477,2.9652,324.27,125.53
6916,frame_06916.png,40.96,42.89,7.194,6.82,2.9652,2.9652,223.61,105.64
6931,frame_06931.png,44.16,43.11,6.118,6.335,4.4477,2.9652,168.65,107.76
6946,frame_06946.png,33.39,36.61,5.08,5.196,5.9303,4.4477,460.91,196.93
6961,frame_06961.png,38.95,39.82,5.956,6.049,4.4477,2.9652,413.76,214.63
6976,frame_06976.png,33.03,38.01,5.921,5.797,4.4477,2.9652,590.17,244.38
6991,frame_06991.png,38.04,39.35,5.672,5.698,2.9652,2.9652,424.02,183.66
7006,frame_07006.png,31.42,36.51,5.03,5.295,4.4477,2.9652,595.88,202.22
7021,frame_07021.png,34.28,37.83,4.714,5.191,4.4477,2.9652,546.14,192.76
7036,frame_07036.png,34.3,36.98,5.321,5.496,2.9652,2.9652,389.14,172.63
7051,frame_07051.png,35.83,37.28,5.539,5.595,2.9652,2.9652,332.62,168.84
7066,frame_07066.png,34.23,36.27,5.219,5.306,2.9652,2.9652,491.77,169.28
7081,frame_07081.png,29.57,32.91,5.022,5.265,4.4477,2.9652,641.81,181.55
7096,frame_07096.png,24.51,30.47,4.389,5.037,4.4477,2.9652,709.96,180.53
7111,frame_07111.png,33.87,38.59,5.292,5.794,2.9652,2.9652,652.32,177.53
7126,frame_07126.png,35.23,39.3,5.263,5.797,2.9652,2.9652,635.71,169.04
7141,frame_07141.png,41.35,45.97,5.586,5.958,2.9652,1.4826,515.27,169.32
7156,frame_07156.png,34.82,41.2,4.682,5.511,2.9652,2.9652,697.43,184.78
7171,frame_07171.png,46.02,48.36,6.583,6.242,1.4826,1.4826,442.22,191.62
7186,frame_07186.png,38.66,43.57,5.757,5.958,2.9652,2.9652,514.19,160.36
7201,frame_07201.png,34.96,42.33,5.664,5.769,2.9652,2.9652,623.27,198.31
7216,frame_07216.png,37.33,43.55,5.353,5.687,2.9652,2.9652,517.13,176.14
7231,frame_07231.png,48.4,50.99,6.606,6.376,1.4826,1.4826,420.03,149.34
7246,frame_07246.png,38.47,44.42,5.618,5.858,2.9652,2.9652,642.13,183.52
7261,frame_07261.png,37.84,45.05,5.025,5.418,2.9652,2.9652,626.49,182.8
7276,frame_07276.png,40.75,47.05,5.26,5.522,2.9652,2.9652,538.93,178.76
7291,frame_07291.png,53.75,63.01,7.287,7.687,1.4826,1.4826,899.95,267.15
7306,frame_07306.png,58.64,59.27,7.452,7.596,1.4826,1.4826,496.69,186.76
7321,frame_07321.png,33.55,41.68,5.644,5.823,4.4477,2.9652,696.53,219.8
7336,frame_07336.png,34.45,41.5,5.754,5.664,4.4477,2.9652,636.55,207.65
7351,frame_07351.png,33.78,41.92,5.024,5.114,2.9652,2.9652,585.96,114.09
7366,frame_07366.png,34.24,44.14,5.168,5.362,2.9652,1.4826,591.8,107.46
7381,frame_07381.png,31.0,40.27,4.875,5.358,2.9652,2.9652,614.19,112.53
7396,frame_07396.png,35.93,38.25,5.845,6.068,2.9652,2.9652,357.68,101.1
7411,frame_07411.png,44.78,44.48,5.888,5.864,2.9652,2.9652,224.79,94.55
7426,frame_07426.png,38.57,42.18,6.074,5.679,2.9652,2.9652,335.35,125.01
7441,frame_07441.png,42.72,42.06,6.905,6.199,4.4477,2.9652,244.17,115.05
7456,frame_07456.png,47.27,46.75,6.305,6.175,2.9652,2.9652,175.58,99.4
7471,frame_07471.png,45.78,44.89,5.728,6.046,2.9652,2.9652,215.54,90.4
7486,frame_07486.png,40.02,41.67,5.654,6.143,2.9652,2.9652,306.07,121.76
7501,frame_07501.png,31.69,37.76,5.384,5.636,2.9652,2.9652,415.08,130.54
7516,frame_07516.png,28.12,34.88,4.966,5.617,2.9652,2.9652,470.42,146.69
7531,frame_07531.png,28.48,35.07,4.61,5.369,2.9652,2.9652,543.48,144.12
7546,frame_07546.png,41.05,49.77,5.894,6.335,2.9652,2.9652,300.89,75.02
7561,frame_07561.png,41.24,51.71,6.123,6.471,2.9652,1.4826,376.52,83.9
7576,frame_07576.png,29.18,34.81,5.096,5.488,2.9652,2.9652,508.24,149.28
7591,frame_07591.png,32.04,34.04,6.03,6.072,2.9652,2.9652,376.66,112.36
7606,frame_07606.png,39.35,40.68,6.832,6.358,2.9652,2.9652,256.92,108.93
7621,frame_07621.png,34.84,37.48,6.228,6.34,2.9652,2.9652,253.73,106.93
7636,frame_07636.png,30.57,35.86,5.705,6.156,4.4477,4.4477,505.09,132.39
7651,frame_07651.png,41.81,42.92,6.509,6.25,2.9652,2.9652,232.86,104.01
7666,frame_07666.png,40.01,41.15,6.082,6.124,4.4477,2.9652,266.66,123.2
7681,frame_07681.png,57.0,61.95,6.269,6.293,1.4826,1.4826,1032.25,410.83
7696,frame_07696.png,41.96,42.11,6.34,5.824,2.9652,2.9652,234.56,118.22
7711,frame_07711.png,39.79,41.08,5.885,5.611,4.4477,2.9652,268.26,135.11
7726,frame_07726.png,38.45,41.55,5.74,5.486,4.4477,2.9652,322.23,134.52
7741,frame_07741.png,39.81,42.41,5.954,5.6,4.4477,2.9652,345.09,137.35
7756,frame_07756.png,33.54,38.57,4.683,4.806,5.9303,4.4477,572.05,170.3
7771,frame_07771.png,30.61,38.11,4.277,4.83,4.4477,4.4477,603.9,151.92
7786,frame_07786.png,40.8,44.07,5.304,5.34,4.4477,2.9652,366.59,121.35
7801,frame_07801.png,43.86,46.03,5.96,5.838,4.4477,2.9652,259.95,99.1
7816,frame_07816.png,45.31,47.46,5.631,5.343,4.4477,4.4477,282.35,120.75
7831,frame_07831.png,40.27,45.1,5.376,5.545,4.4477,2.9652,341.64,125.56
7846,frame_07846.png,41.73,43.44,5.303,5.378,4.4477,2.9652,289.03,131.47
7861,frame_07861.png,37.53,43.87,5.286,5.263,2.9652,2.9652,407.3,139.97
7876,frame_07876.png,31.88,41.69,5.01,5.269,2.9652,2.9652,630.98,132.4
7891,frame_07891.png,33.97,41.56,5.202,5.229,2.9652,2.9652,512.21,123.71
7906,frame_07906.png,40.03,51.91,5.532,5.908,1.4826,1.4826,522.97,100.32
7921,frame_07921.png,45.13,50.96,6.122,6.468,1.4826,1.4826,318.82,90.66
7936,frame_07936.png,79.13,90.22,8.029,9.06,0.0,0.0,764.71,168.24
7951,frame_07951.png,88.97,99.23,15.464,27.011,0.0,0.0,866.56,341.45
7966,frame_07966.png,49.27,53.78,6.833,6.763,1.4826,1.4826,288.9,69.17
7981,frame_07981.png,39.09,46.99,5.241,5.78,1.4826,1.4826,482.43,111.25
7996,frame_07996.png,47.36,54.43,4.757,5.306,1.4826,1.4826,632.8,106.74
8011,frame_08011.png,35.98,43.6,4.355,4.901,2.9652,1.4826,609.67,117.9
8026,frame_08026.png,57.51,57.49,6.937,7.525,1.4826,1.4826,104.97,16.51
8041,frame_08041.png,34.59,48.45,5.083,5.608,2.9652,2.9652,593.85,77.81
8056,frame_08056.png,30.53,41.06,4.456,5.274,2.9652,2.9652,651.9,74.68
8071,frame_08071.png,38.56,49.99,5.526,5.664,2.9652,2.9652,548.26,77.02
8086,frame_08086.png,30.51,41.2,4.59,5.344,2.9652,2.9652,632.63,73.97
8101,frame_08101.png,30.32,43.96,4.711,5.54,2.9652,2.9652,583.15,75.59
8116,frame_08116.png,29.41,41.18,4.681,5.499,2.9652,2.9652,622.06,72.6
8131,frame_08131.png,33.47,45.91,4.992,5.399,2.9652,2.9652,590.53,72.81
8146,frame_08146.png,26.66,38.28,4.279,5.292,4.4477,2.9652,628.92,72.27
8161,frame_08161.png,27.3,41.16,4.575,5.361,2.9652,2.9652,570.35,74.69
8176,frame_08176.png,25.32,37.05,4.245,5.505,4.4477,2.9652,628.23,76.61
8191,frame_08191.png,37.4,51.64,5.511,6.072,2.9652,2.9652,513.09,74.86
8206,frame_08206.png,29.43,41.4,4.584,5.367,2.9652,2.9652,578.55,74.48
8221,frame_08221.png,28.36,38.98,4.302,5.231,2.9652,2.9652,593.99,73.53
8236,frame_08236.png,29.88,44.44,4.921,5.418,2.9652,2.9652,443.57,79.52
8251,frame_08251.png,27.97,40.69,4.278,5.195,2.9652,2.9652,598.14,74.04
8266,frame_08266.png,30.26,43.17,4.412,5.291,2.9652,2.9652,565.73,71.85
8281,frame_08281.png,28.24,40.93,4.161,5.278,2.9652,2.9652,574.84,73.8
8296,frame_08296.png,28.44,40.91,4.193,5.258,4.4477,2.9652,578.47,74.29
8311,frame_08311.png,26.93,42.03,4.398,5.549,4.4477,2.9652,610.75,76.0
8326,frame_08326.png,32.31,47.49,4.909,5.802,2.9652,2.9652,601.99,75.14
8341,frame_08341.png,28.59,43.6,4.356,5.495,2.9652,2.9652,613.6,74.91
8356,frame_08356.png,27.62,42.84,4.377,5.662,4.4477,2.9652,589.12,78.36
8371,frame_08371.png,29.14,42.87,4.524,5.571,2.9652,2.9652,609.99,76.1
8386,frame_08386.png,33.6,47.03,5.099,5.692,2.9652,2.9652,564.53,76.12
8401,frame_08401.png,28.21,43.89,4.717,5.688,4.4477,2.9652,548.56,76.77
8416,frame_08416.png,29.59,44.24,4.815,5.602,2.9652,2.9652,602.13,76.99
8431,frame_08431.png,27.22,44.19,4.938,5.87,4.4477,2.9652,571.61,81.24
8446,frame_08446.png,33.71,47.65,5.442,5.92,2.9652,2.9652,573.33,77.01
8461,frame_08461.png,41.59,51.29,5.902,6.306,2.9652,2.9652,280.54,65.46
8476,frame_08476.png,33.52,48.12,5.407,6.04,2.9652,2.9652,568.6,79.83
8491,frame_08491.png,32.92,46.7,5.277,5.713,2.9652,2.9652,556.42,82.05
8506,frame_08506.png,29.87,44.04,4.961,5.582,2.9652,2.9652,595.64,82.69
8521,frame_08521.png,51.18,51.76,5.191,5.307,2.9652,1.4826,393.01,190.93
8536,frame_08536.png,52.3,50.75,6.697,6.424,2.9652,2.9652,229.38,81.81
8551,frame_08551.png,43.48,45.02,5.411,5.529,2.9652,2.9652,415.25,121.23
8566,frame_08566.png,28.59,36.23,3.765,4.51,4.4477,4.4477,723.23,126.29
8581,frame_08581.png,63.96,64.54,8.66,8.485,1.4826,1.4826,331.24,47.53
8596,frame_08596.png,46.51,51.27,6.126,5.531,2.9652,2.9652,416.15,127.86
8611,frame_08611.png,49.28,49.36,5.508,6.105,4.4477,2.9652,207.67,96.97
8626,frame_08626.png,37.18,40.59,4.828,5.284,4.4477,4.4477,486.77,158.1
8641,frame_08641.png,47.21,50.13,5.678,5.631,4.4477,2.9652,175.76,68.53
8656,frame_08656.png,47.37,50.37,5.771,5.469,4.4477,4.4477,176.5,65.69
8671,frame_08671.png,38.25,44.87,4.601,4.715,5.9303,4.4477,343.69,99.1
8686,frame_08686.png,33.14,43.14,4.369,4.691,5.9303,4.4477,424.07,97.75
8701,frame_08701.png,45.41,47.91,5.347,5.125,4.4477,4.4477,215.26,81.24
8716,frame_08716.png,38.06,44.26,4.659,4.743,5.9303,4.4477,461.83,96.76
8731,frame_08731.png,38.76,46.29,4.728,4.663,4.4477,4.4477,366.7,103.66
8746,frame_08746.png,51.99,52.62,6.016,6.0,2.9652,2.9652,125.09,63.48
8761,frame_08761.png,44.3,45.64,5.678,5.414,4.4477,2.9652,181.65,83.18
8776,frame_08776.png,40.6,45.87,5.58,6.21,2.9652,2.9652,397.03,165.14
8791,frame_08791.png,33.21,41.76,5.546,5.608,2.9652,2.9652,592.87,197.77
8806,frame_08806.png,43.47,48.94,5.469,6.035,2.9652,1.4826,425.0,98.1
8821,frame_08821.png,46.65,58.71,6.824,7.129,1.4826,1.4826,649.4,122.33
8836,frame_08836.png,59.81,64.28,6.865,7.151,1.4826,1.4826,237.45,55.91
8851,frame_08851.png,49.91,61.08,6.193,6.843,1.4826,1.4826,796.09,137.64
8866,frame_08866.png,51.56,54.46,7.762,7.696,1.4826,1.4826,238.2,35.72
8881,frame_08881.png,57.02,57.81,7.392,7.891,1.4826,1.4826,287.23,54.49
8896,frame_08896.png,75.5,79.07,8.9,8.975,0.0,0.0,303.24,23.52
8911,frame_08911.png,50.26,51.6,6.656,6.688,2.9652,2.9652,172.16,46.02
8926,frame_08926.png,34.91,47.3,4.918,5.787,2.9652,2.9652,514.96,83.13
8941,frame_08941.png,31.35,44.7,4.366,5.541,2.9652,2.9652,498.29,85.04
8956,frame_08956.png,35.89,51.44,5.254,6.121,2.9652,2.9652,459.18,80.24
8971,frame_08971.png,30.05,42.69,4.252,5.26,2.9652,2.9652,484.32,73.53
8986,frame_08986.png,39.59,50.16,5.356,5.778,2.9652,2.9652,323.86,90.48
9001,frame_09001.png,32.43,44.71,4.405,5.328,2.9652,2.9652,507.03,86.37
9016,frame_09016.png,35.11,48.45,5.121,5.719,2.9652,2.9652,376.21,91.18
9031,frame_09031.png,30.8,44.73,4.331,5.221,2.9652,2.9652,449.51,84.42
9046,frame_09046.png,45.59,48.0,5.803,6.057,2.9652,2.9652,133.9,37.45
9061,frame_09061.png,37.66,50.25,5.176,5.991,2.9652,2.9652,435.44,94.32
9076,frame_09076.png,38.53,50.47,5.606,6.025,2.9652,2.9652,309.22,80.74
9091,frame_09091.png,75.29,90.66,10.176,11.094,0.0,0.0,1250.61,389.73
9106,frame_09106.png,46.97,47.38,5.721,5.512,2.9652,2.9652,170.73,68.62
9121,frame_09121.png,37.96,43.53,5.477,5.737,2.9652,2.9652,351.86,119.31
9136,frame_09136.png,71.27,78.5,12.856,12.185,0.0,0.0,379.82,44.93
9151,frame_09151.png,71.45,78.91,8.611,8.21,0.0,0.0,488.32,236.55
9166,frame_09166.png,45.84,52.32,5.058,5.33,2.9652,2.9652,202.07,89.16
9181,frame_09181.png,41.3,53.81,5.574,5.981,2.9652,2.9652,333.68,80.47
9196,frame_09196.png,48.35,49.6,5.27,5.259,2.9652,2.9652,135.03,69.51
9211,frame_09211.png,43.72,49.99,5.69,5.668,2.9652,2.9652,250.1,106.03
9226,frame_09226.png,32.55,43.89,4.438,4.981,2.9652,2.9652,505.57,133.78
9241,frame_09241.png,50.28,51.0,6.327,6.603,2.9652,2.9652,112.43,38.9
9256,frame_09256.png,32.05,43.47,4.351,4.779,4.4477,2.9652,458.04,117.48
9271,frame_09271.png,33.92,43.13,4.725,4.993,4.4477,2.9652,411.55,101.54
9286,frame_09286.png,51.27,51.54,6.791,6.746,1.4826,1.4826,80.5,31.04
9301,frame_09301.png,46.86,46.74,5.947,5.794,2.9652,2.9652,176.32,87.65
9316,frame_09316.png,34.7,39.12,4.354,4.541,2.9652,2.9652,440.27,155.3
9331,frame_09331.png,28.8,35.11,3.544,4.178,4.4477,2.9652,568.98,152.07
9346,frame_09346.png,39.44,47.04,5.168,5.53,2.9652,2.9652,378.46,143.91
9361,frame_09361.png,47.16,47.07,5.755,5.363,4.4477,4.4477,148.08,96.46
9376,frame_09376.png,44.89,48.38,5.627,5.349,4.4477,4.4477,221.42,122.84
9391,frame_09391.png,43.98,47.7,5.432,5.209,4.4477,2.9652,147.1,93.37
9406,frame_09406.png,44.83,47.0,5.611,5.194,4.4477,2.9652,229.86,157.79
9421,frame_09421.png,37.03,43.19,4.753,4.9,4.4477,4.4477,403.43,169.62
9436,frame_09436.png,33.45,39.62,4.176,4.513,4.4477,4.4477,430.52,158.2
9451,frame_09451.png,43.62,44.43,5.451,5.376,2.9652,2.9652,201.78,128.26
9466,frame_09466.png,44.4,46.17,5.261,5.136,2.9652,2.9652,219.33,132.54
9481,frame_09481.png,52.47,53.24,6.02,5.941,2.9652,2.9652,182.08,95.58
9496,frame_09496.png,34.33,39.69,4.52,4.782,4.4477,2.9652,564.91,159.38
9511,frame_09511.png,54.87,60.61,7.374,7.192,1.4826,1.4826,269.25,36.85
9526,frame_09526.png,46.13,50.36,5.184,5.366,1.4826,1.4826,341.83,183.22
9541,frame_09541.png,45.56,47.13,5.752,5.815,2.9652,2.9652,250.99,105.36
9556,frame_09556.png,46.54,47.28,5.774,5.929,2.9652,2.9652,150.99,54.25
9571,frame_09571.png,41.37,43.91,5.261,5.417,2.9652,2.9652,247.13,113.43
9586,frame_09586.png,32.17,36.55,4.394,4.699,4.4477,2.9652,576.96,171.63
9601,frame_09601.png,47.86,51.19,6.376,5.904,2.9652,2.9652,185.02,68.04
9616,frame_09616.png,36.34,47.71,5.719,5.341,2.9652,2.9652,389.51,116.41
9631,frame_09631.png,33.28,42.71,4.57,5.008,4.4477,2.9652,603.98,162.21
9646,frame_09646.png,26.63,37.16,4.054,4.872,4.4477,2.9652,621.41,162.47
9661,frame_09661.png,35.23,42.55,4.708,5.263,2.9652,2.9652,744.68,255.14
9676,frame_09676.png,31.23,38.93,4.252,4.785,4.4477,2.9652,762.19,259.35
9691,frame_09691.png,28.56,36.94,3.918,4.445,4.4477,2.9652,696.22,227.25
9706,frame_09706.png,34.35,41.14,4.903,5.481,2.9652,2.9652,542.75,202.19
9721,frame_09721.png,56.13,61.21,5.899,6.369,2.9652,2.9652,174.83,46.71
9736,frame_09736.png,44.96,48.94,5.34,5.78,2.9652,2.9652,401.3,120.4
9751,frame_09751.png,33.88,40.94,4.119,4.828,4.4477,2.9652,720.5,183.77
9766,frame_09766.png,31.54,44.73,4.495,5.237,4.4477,2.9652,571.94,88.55
9781,frame_09781.png,59.33,67.29,6.937,7.061,1.4826,1.4826,361.41,38.8
9796,frame_09796.png,46.59,51.77,7.292,7.409,2.9652,1.4826,279.99,63.17
9811,frame_09811.png,44.45,46.97,6.888,7.424,2.9652,2.9652,216.98,64.41
9826,frame_09826.png,46.38,49.53,6.145,6.199,2.9652,2.9652,253.43,93.95
9841,frame_09841.png,45.12,52.09,5.949,6.075,2.9652,2.9652,268.91,77.93
9856,frame_09856.png,33.42,45.13,4.574,5.061,4.4477,2.9652,641.91,94.86
9871,frame_09871.png,29.52,40.82,3.903,4.787,4.4477,2.9652,645.91,100.3
9886,frame_09886.png,27.57,39.53,3.735,4.853,4.4477,2.9652,640.16,99.92
9901,frame_09901.png,29.99,41.82,3.959,4.789,4.4477,2.9652,627.1,97.93
9916,frame_09916.png,34.32,45.47,4.37,5.37,4.4477,2.9652,577.41,98.92
9931,frame_09931.png,36.03,49.74,4.633,5.475,2.9652,2.9652,459.69,92.91
9946,frame_09946.png,29.45,41.99,3.95,4.889,4.4477,2.9652,586.68,105.6
9961,frame_09961.png,64.22,69.9,7.432,8.396,1.4826,1.4826,454.9,159.6
9976,frame_09976.png,42.19,43.57,5.955,5.906,2.9652,2.9652,132.17,45.91
9991,frame_09991.png,47.55,48.87,6.141,6.742,2.9652,2.9652,179.69,63.7
10006,frame_10006.png,42.72,47.66,5.435,5.953,2.9652,2.9652,292.53,74.17
10021,frame_10021.png,39.08,45.72,4.875,5.242,2.9652,2.9652,447.34,104.19
10036,frame_10036.png,37.05,41.46,4.444,4.957,2.9652,2.9652,496.43,99.32
10051,frame_10051.png,32.45,38.82,3.82,4.305,2.9652,2.9652,614.66,100.71
10066,frame_10066.png,31.55,37.59,4.052,4.727,2.9652,2.9652,552.66,92.35
10081,frame_10081.png,26.76,36.14,3.742,4.57,2.9652,2.9652,610.99,91.8
10096,frame_10096.png,25.47,33.45,3.519,4.372,2.9652,2.9652,643.47,93.49
10111,frame_10111.png,29.81,38.3,3.946,4.444,2.9652,2.9652,565.14,88.59
10126,frame_10126.png,31.53,40.2,3.939,4.525,2.9652,2.9652,620.48,89.01
10141,frame_10141.png,82.44,101.76,13.649,17.033,0.0,0.0,765.41,169.95
10156,frame_10156.png,46.52,47.95,6.354,6.309,2.9652,2.9652,332.86,89.93
10171,frame_10171.png,48.95,49.52,6.312,6.065,2.9652,2.9652,225.19,77.61
10186,frame_10186.png,39.53,43.53,5.158,5.349,2.9652,2.9652,416.94,124.25
10201,frame_10201.png,42.12,45.85,5.262,5.531,2.9652,1.4826,350.82,73.42
10216,frame_10216.png,36.39,45.27,4.747,5.127,2.9652,2.9652,543.57,109.54
10231,frame_10231.png,48.54,50.74,5.45,5.893,2.9652,2.9652,235.58,32.31
10246,frame_10246.png,48.17,54.62,6.261,6.367,2.9652,1.4826,354.95,58.88
10261,frame_10261.png,37.19,43.9,4.736,5.423,2.9652,2.9652,378.74,81.63
10276,frame_10276.png,26.74,32.93,3.417,4.467,2.9652,2.9652,633.82,83.37
10291,frame_10291.png,24.8,33.0,3.325,4.379,2.9652,2.9652,650.2,85.02
10306,frame_10306.png,29.82,36.6,3.458,4.359,2.9652,2.9652,657.82,83.45
10321,frame_10321.png,26.3,33.06,3.427,4.438,2.9652,2.9652,682.16,86.75
10336,frame_10336.png,62.78,71.58,6.951,7.628,1.4826,1.4826,603.05,154.64
10351,frame_10351.png,48.06,54.64,6.138,6.237,2.9652,2.9652,215.33,82.06
10366,frame_10366.png,35.7,47.02,4.774,5.203,2.9652,2.9652,561.46,129.87
10381,frame_10381.png,31.31,40.56,3.966,4.816,4.4477,2.9652,605.07,130.81
10396,frame_10396.png,27.5,36.38,3.661,4.701,4.4477,2.9652,620.62,129.79
10411,frame_10411.png,28.23,39.11,3.783,4.991,4.4477,2.9652,577.99,129.32
10426,frame_10426.png,36.04,43.21,4.573,5.178,2.9652,2.9652,468.87,100.44
10441,frame_10441.png,39.24,50.44,5.228,5.775,2.9652,2.9652,352.37,80.03
10456,frame_10456.png,35.6,47.75,5.008,5.859,2.9652,2.9652,410.0,91.94
10471,frame_10471.png,29.65,42.45,4.081,5.61,4.4477,2.9652,521.35,86.44
10486,frame_10486.png,52.29,55.2,6.679,6.484,2.9652,2.9652,142.74,65.08
10501,frame_10501.png,50.53,51.8,6.286,6.208,2.9652,2.9652,180.59,69.91
10516,frame_10516.png,35.05,37.28,3.799,3.824,5.9303,4.4477,576.23,160.56
10531,frame_10531.png,32.47,34.2,3.066,3.59,7.4129,5.9303,570.81,171.59
10546,frame_10546.png,49.96,47.74,6.384,6.202,2.9652,2.9652,114.24,26.59
10561,frame_10561.png,51.85,51.72,6.201,7.435,2.9652,2.9652,108.22,31.85
10576,frame_10576.png,49.84,53.77,5.743,5.871,2.9652,2.9652,148.8,50.47
10591,frame_10591.png,34.45,46.44,4.832,5.358,2.9652,2.9652,426.33,94.44
10606,frame_10606.png,34.39,43.31,4.502,5.299,2.9652,2.9652,469.76,90.48
10621,frame_10621.png,94.26,108.66,16.069,17.308,0.0,0.0,164.48,4.81
10636,frame_10636.png,49.82,51.46,6.29,5.65,4.4477,2.9652,145.3,71.74
10651,frame_10651.png,47.04,47.4,5.198,5.34,4.4477,2.9652,133.02,53.87
10666,frame_10666.png,45.37,47.96,5.185,5.215,4.4477,4.4477,253.03,117.94
10681,frame_10681.png,85.96,101.25,15.048,17.929,0.0,0.0,252.48,14.88
10696,frame_10696.png,89.07,94.29,14.743,15.303,0.0,0.0,693.08,361.96
10711,frame_10711.png,45.2,49.14,5.485,5.056,2.9652,2.9652,241.69,103.32
10726,frame_10726.png,37.75,42.06,4.988,4.898,4.4477,4.4477,382.09,134.73
10741,frame_10741.png,32.89,39.29,3.856,4.482,5.9303,4.4477,514.98,142.64
10756,frame_10756.png,33.84,41.43,4.186,4.807,4.4477,4.4477,466.07,139.04
10771,frame_10771.png,31.37,38.82,3.741,4.353,5.9303,4.4477,485.65,140.86
10786,frame_10786.png,48.88,50.98,6.029,6.144,4.4477,4.4477,148.19,73.47
10801,frame_10801.png,41.86,45.92,5.08,4.973,5.9303,4.4477,385.1,165.03
10816,frame_10816.png,39.21,42.43,4.822,4.865,5.9303,5.9303,519.85,194.54
10831,frame_10831.png,47.21,52.4,6.221,7.003,2.9652,1.4826,376.77,67.0
10846,frame_10846.png,47.93,52.32,5.6,5.536,4.4477,4.4477,291.34,117.56
10861,frame_10861.png,42.74,44.89,4.73,5.146,5.9303,4.4477,286.26,134.49
10876,frame_10876.png,36.35,40.67,4.041,4.654,5.9303,5.9303,518.43,186.87
10891,frame_10891.png,44.6,47.11,5.371,5.452,4.4477,2.9652,204.96,93.47
10906,frame_10906.png,45.52,47.4,5.33,5.412,4.4477,2.9652,217.5,102.78
10921,frame_10921.png,47.91,56.66,7.881,6.949,2.9652,2.9652,383.56,59.82
10936,frame_10936.png,52.41,55.68,6.679,6.413,2.9652,2.9652,158.34,71.15
10951,frame_10951.png,39.67,44.92,5.305,5.174,2.9652,2.9652,320.94,115.37
10966,frame_10966.png,33.15,41.14,4.109,4.709,4.4477,4.4477,504.75,131.61
10981,frame_10981.png,42.89,45.9,5.142,5.154,2.9652,2.9652,202.91,100.81
10996,frame_10996.png,45.52,49.04,5.89,5.766,2.9652,2.9652,258.65,114.82
11011,frame_11011.png,35.06,41.41,4.674,4.939,4.4477,2.9652,487.07,143.89
11026,frame_11026.png,33.34,39.8,4.021,4.511,5.9303,4.4477,581.59,144.16
11041,frame_11041.png,47.07,49.45,5.853,6.203,2.9652,2.9652,166.87,71.71
11056,frame_11056.png,42.6,46.57,5.06,5.212,4.4477,4.4477,295.05,133.23
11071,frame_11071.png,40.31,52.09,5.773,5.902,2.9652,2.9652,358.18,112.99
11086,frame_11086.png,39.58,47.37,5.517,5.697,2.9652,2.9652,290.14,111.91
11101,frame_11101.png,47.75,52.46,5.882,6.089,2.9652,2.9652,156.46,66.82
11116,frame_11116.png,47.5,51.54,5.984,5.731,2.9652,2.9652,203.19,92.36
11131,frame_11131.png,43.42,50.36,5.617,5.595,2.9652,2.9652,273.77,95.47
11146,frame_11146.png,43.97,49.41,5.852,5.683,2.9652,2.9652,200.69,90.87
11161,frame_11161.png,46.48,51.27,5.673,5.782,4.4477,2.9652,222.64,105.17
11176,frame_11176.png,43.02,47.27,5.388,5.416,4.4477,4.4477,327.88,140.87
11191,frame_11191.png,49.04,56.15,7.036,7.046,1.4826,1.4826,339.64,47.14
11206,frame_11206.png,57.5,57.26,6.111,6.239,1.4826,1.4826,156.83,77.98
11221,frame_11221.png,50.13,51.24,6.646,6.691,2.9652,2.9652,170.66,48.11
11236,frame_11236.png,69.47,76.56,8.255,8.313,0.0,0.0,524.33,173.97
11251,frame_11251.png,46.9,50.11,5.932,6.147,2.9652,2.9652,172.46,48.6
11266,frame_11266.png,41.04,49.33,5.043,5.479,2.9652,2.9652,320.14,72.84
11281,frame_11281.png,39.0,48.52,4.853,5.323,2.9652,2.9652,330.75,56.03
11296,frame_11296.png,39.29,49.15,5.141,5.455,2.9652,2.9652,395.71,97.53
11311,frame_11311.png,41.02,52.48,5.205,5.716,2.9652,2.9652,524.44,168.11
11326,frame_11326.png,35.87,46.61,4.543,5.277,4.4477,2.9652,592.0,145.79
11341,frame_11341.png,72.88,72.82,7.084,7.064,0.0,0.0,115.43,51.21
11356,frame_11356.png,48.1,49.37,5.586,4.829,4.4477,4.4477,234.11,111.81
11371,frame_11371.png,39.09,41.97,4.421,4.335,5.9303,4.4477,569.27,187.02
11386,frame_11386.png,39.14,42.59,4.368,4.281,5.9303,5.9303,539.9,186.77
11401,frame_11401.png,31.53,36.27,3.349,3.533,8.8955,7.4129,691.29,251.56
11416,frame_11416.png,40.51,43.8,4.787,4.207,5.9303,4.4477,459.82,197.7
11431,frame_11431.png,41.22,45.82,7.004,5.413,1.4826,1.4826,338.68,61.43
11446,frame_11446.png,55.76,57.78,7.113,6.466,2.9652,2.9652,184.46,50.63
11461,frame_11461.png,51.88,52.83,6.303,6.455,4.4477,4.4477,118.98,61.47
11476,frame_11476.png,49.11,50.73,5.613,5.392,5.9303,4.4477,311.38,139.77
11491,frame_11491.png,43.29,48.35,5.482,5.425,4.4477,4.4477,285.92,114.94
11506,frame_11506.png,50.54,51.63,6.104,6.07,4.4477,4.4477,188.22,100.03
11521,frame_11521.png,79.31,93.94,12.807,13.036,0.0,0.0,715.58,120.64
11536,frame_11536.png,45.91,49.49,5.713,5.427,5.9303,4.4477,265.65,128.29
11551,frame_11551.png,44.02,52.5,6.459,6.508,2.9652,2.9652,276.21,82.4
11566,frame_11566.png,39.91,51.7,5.8,5.806,2.9652,2.9652,535.6,144.27
11581,frame_11581.png,76.31,85.38,12.702,11.475,0.0,0.0,508.99,90.92
11596,frame_11596.png,51.19,53.26,5.939,5.949,4.4477,2.9652,395.03,158.74
11611,frame_11611.png,51.21,52.19,5.869,6.007,4.4477,2.9652,230.57,89.8
11626,frame_11626.png,42.62,49.64,5.173,5.183,4.4477,4.4477,548.18,184.73
11641,frame_11641.png,45.05,50.8,4.851,5.152,4.4477,2.9652,429.33,106.46
11656,frame_11656.png,47.61,50.61,5.397,5.603,4.4477,2.9652,264.18,82.74
11671,frame_11671.png,43.32,48.33,5.82,5.889,4.4477,2.9652,465.69,149.94
11686,frame_11686.png,41.28,45.32,5.365,5.611,4.4477,4.4477,399.44,155.38
11701,frame_11701.png,48.33,48.86,6.225,6.15,4.4477,4.4477,210.79,107.24
11716,frame_11716.png,42.25,46.16,5.466,5.585,5.9303,4.4477,583.39,206.65
11731,frame_11731.png,100.25,107.17,19.341,28.681,0.0,0.0,1694.2,558.45
11746,frame_11746.png,45.46,51.32,6.401,6.542,2.9652,2.9652,637.25,272.4
11761,frame_11761.png,47.55,50.17,6.372,6.374,4.4477,2.9652,387.34,178.94
11776,frame_11776.png,42.68,50.04,6.281,6.63,2.9652,2.9652,275.73,33.82
11791,frame_11791.png,51.05,52.85,7.054,7.249,2.9652,2.9652,65.49,30.83
11806,frame_11806.png,48.5,48.52,6.441,6.629,2.9652,2.9652,117.69,57.5
11821,frame_11821.png,39.52,42.76,5.402,5.463,4.4477,4.4477,423.54,119.94
11836,frame_11836.png,44.87,56.31,6.636,7.416,1.4826,1.4826,1240.25,353.71
11851,frame_11851.png,50.0,52.24,6.73,6.565,2.9652,2.9652,261.72,105.65
11866,frame_11866.png,52.48,52.87,6.621,7.844,1.4826,1.4826,252.78,13.79
11881,frame_11881.png,43.72,47.52,6.475,6.56,2.9652,2.9652,200.11,48.54
11896,frame_11896.png,38.28,42.51,5.328,5.754,4.4477,4.4477,428.34,93.81
11911,frame_11911.png,40.42,40.23,4.857,4.788,7.4129,5.9303,443.05,185.69
11926,frame_11926.png,37.01,39.74,4.377,4.629,7.4129,5.9303,479.75,188.68
11941,frame_11941.png,38.94,40.97,4.405,4.791,7.4129,5.9303,485.01,200.54
11956,frame_11956.png,78.05,81.45,7.224,7.369,0.0,0.0,448.16,108.43
11971,frame_11971.png,47.25,49.41,5.624,5.781,4.4477,4.4477,151.44,84.71
11986,frame_11986.png,46.23,46.93,6.073,5.804,5.9303,4.4477,204.33,121.36
12001,frame_12001.png,46.63,51.94,6.147,5.732,4.4477,2.9652,227.8,80.83
12016,frame_12016.png,50.58,50.73,5.688,5.785,4.4477,4.4477,150.94,81.72
12031,frame_12031.png,46.76,47.0,6.407,6.607,2.9652,2.9652,148.03,34.13
12046,frame_12046.png,43.31,45.75,5.646,5.865,4.4477,2.9652,205.9,82.77
12061,frame_12061.png,40.58,43.86,5.704,5.423,4.4477,2.9652,292.11,108.0
12076,frame_12076.png,38.64,41.35,5.102,5.061,4.4477,4.4477,390.23,123.77
12091,frame_12091.png,78.4,88.51,11.349,11.455,0.0,0.0,505.06,76.16
12106,frame_12106.png,40.33,45.28,5.585,6.146,2.9652,2.9652,312.09,105.1
12121,frame_12121.png,41.07,43.87,5.321,5.672,2.9652,2.9652,196.39,95.46
12136,frame_12136.png,32.62,37.7,4.93,5.241,4.4477,2.9652,453.32,145.48
12151,frame_12151.png,29.12,36.34,5.805,5.998,2.9652,2.9652,626.85,210.03
12166,frame_12166.png,27.22,34.58,5.279,5.727,2.9652,2.9652,619.31,207.78
12181,frame_12181.png,24.4,33.6,5.312,5.55,2.9652,2.9652,669.98,198.7
12196,frame_12196.png,28.46,35.38,5.715,5.501,2.9652,2.9652,587.81,198.66
12211,frame_12211.png,25.62,33.62,5.22,5.761,2.9652,2.9652,660.83,193.02
12226,frame_12226.png,26.05,34.7,5.609,5.434,2.9652,2.9652,689.54,190.84
12241,frame_12241.png,21.82,31.8,5.096,5.588,2.9652,2.9652,709.96,186.52
12256,frame_12256.png,26.12,34.92,5.333,5.887,2.9652,2.9652,694.86,195.27
12271,frame_12271.png,29.31,33.29,4.575,4.504,2.9652,2.9652,478.81,103.21
12286,frame_12286.png,24.21,29.68,3.963,4.157,2.9652,2.9652,552.4,96.99
12301,frame_12301.png,48.69,55.03,6.515,6.868,2.9652,1.4826,254.0,36.02
12316,frame_12316.png,39.55,49.43,5.426,5.867,2.9652,2.9652,400.83,81.2
12331,frame_12331.png,35.81,41.53,4.728,5.209,2.9652,2.9652,512.18,84.15
12346,frame_12346.png,36.26,41.68,4.866,5.498,2.9652,2.9652,512.1,100.1
12361,frame_12361.png,32.75,38.46,4.518,5.26,2.9652,2.9652,605.36,125.03
12376,frame_12376.png,30.21,34.89,4.206,5.098,2.9652,2.9652,612.93,124.96
12391,frame_12391.png,57.32,57.5,6.434,6.679,1.4826,1.4826,118.81,42.22
12406,frame_12406.png,41.0,45.48,5.179,5.162,2.9652,2.9652,267.35,88.05
12421,frame_12421.png,38.88,43.24,5.219,5.666,2.9652,2.9652,222.92,65.84
12436,frame_12436.png,43.6,52.03,6.731,6.849,2.9652,1.4826,408.17,49.03
12451,frame_12451.png,43.94,48.11,5.035,5.086,4.4477,2.9652,268.24,101.1
12466,frame_12466.png,48.13,50.03,5.371,5.514,4.4477,2.9652,155.28,67.01
12481,frame_12481.png,41.61,47.42,4.909,5.129,4.4477,4.4477,325.24,123.44
12496,frame_12496.png,35.52,43.02,4.566,5.044,4.4477,4.4477,293.55,107.3
12511,frame_12511.png,37.07,44.15,4.967,5.068,4.4477,2.9652,274.78,105.27
12526,frame_12526.png,38.05,46.9,5.752,5.713,2.9652,2.9652,345.77,105.74
12541,frame_12541.png,47.1,49.02,6.62,6.282,4.4477,2.9652,136.23,49.98
12556,frame_12556.png,47.65,48.29,6.434,6.564,2.9652,2.9652,223.67,78.36
12571,frame_12571.png,47.5,48.82,6.212,6.432,2.9652,2.9652,138.75,70.09
12586,frame_12586.png,30.02,33.91,4.926,5.066,5.9303,4.4477,387.21,191.6
12601,frame_12601.png,27.89,33.24,4.197,4.596,5.9303,5.9303,526.4,224.0
12616,frame_12616.png,42.75,44.23,5.339,5.522,4.4477,2.9652,150.53,94.12
12631,frame_12631.png,32.21,36.81,4.964,5.073,4.4477,4.4477,323.46,158.45
12646,frame_12646.png,42.16,49.59,6.518,6.472,1.4826,1.4826,600.45,99.64
12661,frame_12661.png,45.94,51.63,6.538,6.526,1.4826,1.4826,613.63,84.32
12676,frame_12676.png,37.14,39.19,5.502,5.473,4.4477,2.9652,362.36,171.95
12691,frame_12691.png,30.91,34.72,4.53,4.709,5.9303,4.4477,536.3,211.47
12706,frame_12706.png,42.34,48.42,6.234,5.833,2.9652,2.9652,317.29,113.43
12721,frame_12721.png,35.13,44.78,5.338,5.452,2.9652,2.9652,465.06,138.83
12736,frame_12736.png,31.18,41.2,4.752,5.087,2.9652,2.9652,554.21,127.08
12751,frame_12751.png,50.31,54.07,6.142,6.29,2.9652,2.9652,120.41,51.01
12766,frame_12766.png,47.55,49.88,5.677,5.805,2.9652,2.9652,195.96,100.25
12781,frame_12781.png,45.85,46.0,6.692,6.131,2.9652,2.9652,394.65,151.65
12796,frame_12796.png,24.39,33.37,5.088,5.469,4.4477,4.4477,716.54,200.28
12811,frame_12811.png,41.99,44.7,5.75,5.464,2.9652,2.9652,351.93,140.78
12826,frame_12826.png,55.09,63.11,7.117,7.178,1.4826,1.4826,634.34,99.43
12841,frame_12841.png,53.12,59.1,6.425,6.681,1.4826,1.4826,651.01,97.82
12856,frame_12856.png,54.96,64.47,7.455,7.556,1.4826,1.4826,499.45,97.49
12871,frame_12871.png,51.04,58.54,7.089,7.007,1.4826,1.4826,443.38,104.58
12886,frame_12886.png,43.09,49.69,5.656,5.731,1.4826,1.4826,575.04,96.58
12901,frame_12901.png,40.22,46.15,5.456,5.667,1.4826,1.4826,607.04,109.92
12916,frame_12916.png,43.05,50.71,5.874,6.19,2.9652,1.4826,598.01,120.68
12931,frame_12931.png,97.43,104.58,22.518,27.813,0.0,0.0,273.81,6.84
12946,frame_12946.png,60.98,64.01,6.829,8.004,1.4826,1.4826,294.15,19.7
12961,frame_12961.png,71.82,71.61,7.237,7.075,1.4826,1.4826,154.48,25.12
12976,frame_12976.png,44.72,46.41,5.926,5.691,1.4826,1.4826,332.08,85.68
12991,frame_12991.png,34.27,41.66,5.161,5.524,2.9652,1.4826,589.84,113.98
13006,frame_13006.png,27.27,28.8,4.067,4.148,2.9652,2.9652,714.76,157.6
13021,frame_13021.png,21.41,24.61,3.369,3.981,4.4477,2.9652,813.92,169.49
13036,frame_13036.png,39.16,40.6,5.171,5.294,2.9652,2.9652,397.4,96.03
13051,frame_13051.png,27.01,30.84,4.27,4.69,2.9652,2.9652,546.87,122.18
13066,frame_13066.png,28.34,30.69,4.477,4.702,2.9652,2.9652,455.19,119.58
13081,frame_13081.png,24.88,28.42,3.898,4.256,4.4477,2.9652,526.54,154.84
13096,frame_13096.png,55.27,59.1,8.345,7.828,1.4826,1.4826,399.72,48.53
13111,frame_13111.png,43.86,49.16,5.684,5.698,2.9652,2.9652,282.18,87.58
13126,frame_13126.png,46.97,48.38,5.663,5.855,4.4477,2.9652,182.13,74.99
13141,frame_13141.png,32.93,36.73,4.546,4.683,4.4477,4.4477,473.84,134.54
13156,frame_13156.png,36.3,41.61,4.943,5.149,4.4477,2.9652,325.02,112.95
13171,frame_13171.png,32.12,38.32,4.353,4.758,4.4477,2.9652,432.51,122.56
13186,frame_13186.png,30.42,36.37,4.417,4.749,4.4477,2.9652,431.05,121.67
13201,frame_13201.png,49.05,55.65,7.602,7.924,1.4826,1.4826,307.13,34.82
13216,frame_13216.png,46.33,52.32,6.302,6.019,2.9652,2.9652,278.58,65.73
13231,frame_13231.png,37.74,40.83,5.144,5.207,2.9652,2.9652,303.51,105.59
13246,frame_13246.png,24.12,28.21,3.952,4.527,4.4477,2.9652,529.14,154.74
13261,frame_13261.png,23.17,27.46,3.878,4.373,4.4477,4.4477,481.45,185.34
13276,frame_13276.png,38.58,40.04,5.052,5.095,4.4477,4.4477,239.6,119.74
13291,frame_13291.png,35.95,36.23,5.056,5.17,4.4477,4.4477,323.79,144.15
13306,frame_13306.png,25.05,27.03,4.311,4.754,5.9303,4.4477,561.4,219.98
13321,frame_13321.png,46.16,52.97,6.556,6.876,1.4826,1.4826,370.3,47.19
13336,frame_13336.png,45.44,48.39,5.852,5.723,4.4477,2.9652,319.71,127.14
13351,frame_13351.png,45.25,45.55,5.566,5.47,4.4477,4.4477,206.99,112.41
13366,frame_13366.png,44.38,48.01,5.762,5.764,4.4477,2.9652,225.72,105.63
13381,frame_13381.png,41.55,45.57,5.249,5.288,4.4477,4.4477,301.93,155.69
13396,frame_13396.png,40.9,41.23,5.882,5.701,4.4477,4.4477,278.36,164.12
13411,frame_13411.png,25.27,29.91,4.451,4.844,7.4129,5.9303,628.67,273.77
13426,frame_13426.png,40.61,38.77,5.802,6.08,2.9652,2.9652,181.5,94.56
13441,frame_13441.png,34.1,32.45,5.546,5.569,2.9652,2.9652,296.26,121.49
13456,frame_13456.png,43.26,40.89,5.919,6.173,2.9652,2.9652,207.08,104.07
13471,frame_13471.png,45.22,46.96,5.604,5.6,2.9652,2.9652,184.54,122.34
13486,frame_13486.png,57.82,63.33,8.571,8.618,1.4826,1.4826,339.32,71.41
13501,frame_13501.png,87.35,98.82,16.61,23.9,0.0,0.0,1057.38,383.27
13516,frame_13516.png,46.81,46.67,6.466,6.665,4.4477,4.4477,144.79,78.15
13531,frame_13531.png,37.99,38.45,5.459,5.503,4.4477,4.4477,247.5,147.18
13546,frame_13546.png,42.67,41.82,5.579,5.533,5.9303,4.4477,236.72,135.5
13561,frame_13561.png,37.73,37.06,5.557,5.34,5.9303,4.4477,384.67,191.54
13576,frame_13576.png,23.4,24.0,5.193,4.969,4.4477,4.4477,436.89,205.29
13591,frame_13591.png,25.2,25.9,4.772,4.849,4.4477,4.4477,388.84,188.14
13606,frame_13606.png,43.07,42.16,5.467,5.337,2.9652,2.9652,175.91,66.29
13621,frame_13621.png,27.4,27.98,4.744,4.779,4.4477,4.4477,408.71,149.36
13636,frame_13636.png,61.24,68.58,8.093,8.008,1.4826,1.4826,445.94,72.66
13651,frame_13651.png,72.7,80.22,8.017,8.831,0.0,0.0,372.61,129.17
13666,frame_13666.png,41.47,44.61,5.826,6.118,4.4477,4.4477,214.48,64.62
13681,frame_13681.png,40.95,40.88,5.466,5.69,4.4477,4.4477,198.37,88.98
13696,frame_13696.png,61.38,63.78,6.549,6.455,1.4826,1.4826,412.29,105.53
13711,frame_13711.png,38.09,39.96,5.471,5.544,4.4477,4.4477,374.66,94.06
13726,frame_13726.png,32.27,37.93,5.185,5.154,4.4477,4.4477,528.32,141.25
13741,frame_13741.png,35.87,42.66,5.15,5.63,2.9652,2.9652,461.41,111.43
13756,frame_13756.png,43.08,42.09,5.874,6.047,2.9652,2.9652,232.81,116.69
13771,frame_13771.png,34.35,36.37,5.713,5.576,4.4477,4.4477,522.71,153.64
13786,frame_13786.png,36.04,40.39,6.555,6.148,2.9652,2.9652,640.23,170.63
13801,frame_13801.png,24.76,33.4,5.411,6.439,4.4477,2.9652,744.25,187.8
13816,frame_13816.png,34.38,36.12,5.477,5.17,4.4477,4.4477,602.91,146.77
13831,frame_13831.png,42.18,47.73,5.381,5.617,2.9652,2.9652,631.17,129.48
13846,frame_13846.png,39.3,44.62,4.94,5.493,2.9652,2.9652,639.3,128.48
13861,frame_13861.png,39.35,45.5,4.976,5.43,2.9652,2.9652,681.72,124.69
13876,frame_13876.png,48.66,53.91,6.242,6.487,2.9652,1.4826,589.55,131.3
13891,frame_13891.png,28.83,32.4,4.902,5.351,2.9652,2.9652,628.98,118.06
13906,frame_13906.png,23.33,27.38,4.572,5.128,2.9652,2.9652,736.14,118.14
13921,frame_13921.png,37.82,44.42,5.216,5.751,2.9652,1.4826,584.8,108.44
13936,frame_13936.png,29.15,34.19,5.419,5.518,2.9652,2.9652,595.84,109.6
13951,frame_13951.png,33.41,38.27,4.825,5.36,2.9652,1.4826,686.03,107.54
13966,frame_13966.png,47.13,48.39,6.122,6.346,2.9652,2.9652,185.36,70.39
13981,frame_13981.png,24.67,27.24,5.358,5.574,2.9652,2.9652,600.13,123.22
13996,frame_13996.png,22.2,24.9,5.1,5.413,2.9652,2.9652,671.29,125.21
14011,frame_14011.png,28.59,29.17,5.949,5.965,2.9652,1.4826,588.13,104.61
14026,frame_14026.png,49.1,48.28,6.443,6.337,2.9652,2.9652,170.01,71.23
14041,frame_14041.png,40.61,41.13,5.936,5.985,4.4477,4.4477,318.09,134.15
14056,frame_14056.png,45.44,47.53,5.995,5.921,2.9652,2.9652,286.36,112.51
14071,frame_14071.png,49.74,48.97,6.77,6.629,2.9652,1.4826,175.89,80.62
14086,frame_14086.png,31.3,35.31,5.664,5.541,2.9652,2.9652,418.45,113.21
14101,frame_14101.png,28.92,34.2,5.026,5.282,4.4477,2.9652,599.08,118.05
14116,frame_14116.png,44.59,51.58,6.001,5.944,1.4826,1.4826,579.66,99.94
14131,frame_14131.png,44.23,51.58,6.156,6.47,2.9652,1.4826,479.86,99.2
14146,frame_14146.png,38.58,49.09,5.965,6.647,2.9652,2.9652,557.68,95.81
14161,frame_14161.png,32.41,36.01,5.533,5.704,2.9652,2.9652,492.43,108.35
14176,frame_14176.png,29.84,33.66,5.314,5.581,4.4477,2.9652,505.81,122.96
14191,frame_14191.png,28.08,31.75,5.317,5.869,2.9652,2.9652,497.37,108.69
14206,frame_14206.png,54.09,60.7,6.598,6.42,1.4826,1.4826,1008.28,225.89
14221,frame_14221.png,48.88,47.09,6.416,6.261,2.9652,2.9652,195.76,77.95
14236,frame_14236.png,38.12,37.21,5.431,5.767,2.9652,2.9652,229.51,107.49
14251,frame_14251.png,30.03,29.29,5.054,5.144,4.4477,2.9652,384.09,148.49
14266,frame_14266.png,18.8,25.46,4.185,4.444,5.9303,4.4477,781.34,203.7
14281,frame_14281.png,49.82,58.76,8.876,8.451,1.4826,1.4826,507.72,83.62
14296,frame_14296.png,73.45,81.11,8.919,8.558,0.0,0.0,564.88,281.56
14311,frame_14311.png,47.42,47.28,5.824,5.877,2.9652,2.9652,167.65,69.13
14326,frame_14326.png,39.94,41.09,5.714,5.429,2.9652,2.9652,299.61,95.03
14341,frame_14341.png,20.64,25.23,4.232,4.552,2.9652,2.9652,544.44,110.33
14356,frame_14356.png,19.7,23.23,3.9,4.644,2.9652,2.9652,544.31,106.3
14371,frame_14371.png,24.79,28.46,4.135,4.703,2.9652,2.9652,503.34,104.97
14386,frame_14386.png,26.65,30.45,4.063,4.732,2.9652,2.9652,584.65,103.72
14401,frame_14401.png,37.08,39.69,4.626,4.803,2.9652,2.9652,433.81,132.78
14416,frame_14416.png,27.6,31.57,4.096,4.423,2.9652,2.9652,592.13,131.89
14431,frame_14431.png,32.48,35.94,4.288,5.16,2.9652,2.9652,591.79,189.36
14446,frame_14446.png,28.37,32.33,4.2,5.09,2.9652,2.9652,702.05,224.36
14461,frame_14461.png,31.13,36.07,4.156,4.832,2.9652,2.9652,656.08,204.88
14476,frame_14476.png,28.64,31.91,4.385,5.091,2.9652,2.9652,734.45,225.33
14491,frame_14491.png,28.41,33.73,4.351,5.249,2.9652,2.9652,776.3,244.39
14506,frame_14506.png,28.52,34.31,4.351,5.117,2.9652,2.9652,765.31,236.33
14521,frame_14521.png,33.74,39.35,4.836,5.32,2.9652,2.9652,678.73,200.01
14536,frame_14536.png,32.49,39.1,4.765,5.085,2.9652,2.9652,727.87,215.29
14551,frame_14551.png,34.25,40.56,4.698,5.231,2.9652,2.9652,697.17,206.92
14566,frame_14566.png,34.08,40.99,4.68,4.933,2.9652,2.9652,742.85,221.95
14581,frame_14581.png,40.09,47.63,5.288,5.395,1.4826,1.4826,741.21,219.9
14596,frame_14596.png,32.21,40.32,4.483,4.905,2.9652,1.4826,866.81,269.63
14611,frame_14611.png,35.13,42.02,4.849,5.103,2.9652,1.4826,791.71,242.61
14626,frame_14626.png,35.1,41.82,4.733,5.086,2.9652,1.4826,920.66,298.3
14641,frame_14641.png,53.57,61.15,6.419,6.111,2.9652,1.4826,441.31,100.54
14656,frame_14656.png,56.69,56.25,6.032,5.864,2.9652,2.9652,149.08,57.25
14671,frame_14671.png,58.66,62.33,6.576,6.733,1.4826,1.4826,250.36,91.26
14686,frame_14686.png,52.26,55.57,5.472,6.193,1.4826,1.4826,335.53,155.23
14701,frame_14701.png,41.22,50.14,4.82,5.261,2.9652,1.4826,626.19,195.69
14716,frame_14716.png,33.8,40.8,4.335,4.824,2.9652,2.9652,768.36,241.04
14731,frame_14731.png,35.28,38.52,4.128,4.574,2.9652,2.9652,712.94,237.64
14746,frame_14746.png,35.09,37.15,4.053,4.265,4.4477,2.9652,695.1,243.79
14761,frame_14761.png,32.04,35.18,3.85,4.226,4.4477,2.9652,720.1,235.83
14776,frame_14776.png,31.86,33.76,3.913,4.113,4.4477,2.9652,737.27,235.33
14791,frame_14791.png,30.39,31.39,3.725,3.927,4.4477,2.9652,827.78,265.06
14806,frame_14806.png,28.58,31.02,3.718,4.046,4.4477,2.9652,764.15,242.43
14821,frame_14821.png,26.6,28.9,3.671,4.099,4.4477,2.9652,804.37,268.54
14836,frame_14836.png,54.02,53.87,5.418,5.685,2.9652,2.9652,212.22,111.56
14851,frame_14851.png,48.35,50.09,5.411,5.639,2.9652,2.9652,213.43,95.67
14866,frame_14866.png,47.89,49.93,6.013,5.165,1.4826,1.4826,478.3,195.81
14881,frame_14881.png,47.79,44.96,5.262,4.952,2.9652,2.9652,262.31,121.84
14896,frame_14896.png,33.92,33.65,4.173,4.261,4.4477,2.9652,625.53,211.32
14911,frame_14911.png,31.45,30.79,3.742,3.808,4.4477,2.9652,804.96,274.61
14926,frame_14926.png,31.99,35.68,3.866,4.295,4.4477,4.4477,602.77,157.25
14941,frame_14941.png,28.1,33.04,3.433,3.952,5.9303,4.4477,640.87,167.24
14956,frame_14956.png,90.93,109.81,18.065,23.574,0.0,0.0,235.37,5.66
14971,frame_14971.png,76.7,87.65,11.651,13.131,0.0,0.0,380.11,143.75
14986,frame_14986.png,37.53,46.2,5.304,5.494,2.9652,2.9652,385.45,116.9
15001,frame_15001.png,32.83,40.64,4.633,5.194,2.9652,2.9652,395.69,107.23
15016,frame_15016.png,35.2,47.47,5.389,5.73,2.9652,2.9652,365.55,99.74
15031,frame_15031.png,35.32,44.76,5.327,5.659,2.9652,2.9652,398.6,112.58
15046,frame_15046.png,47.13,52.06,5.922,6.377,2.9652,2.9652,238.24,95.97
15061,frame_15061.png,31.37,40.37,5.093,5.337,2.9652,2.9652,484.98,111.9
15076,frame_15076.png,27.42,34.4,4.166,5.118,2.9652,2.9652,555.45,112.59
15091,frame_15091.png,32.77,38.62,4.759,5.539,2.9652,2.9652,467.12,102.59
15106,frame_15106.png,43.24,47.39,5.642,5.768,2.9652,2.9652,240.07,73.14
15121,frame_15121.png,27.62,35.39,4.49,4.795,2.9652,2.9652,598.07,117.37
15136,frame_15136.png,44.48,52.44,5.999,5.837,2.9652,2.9652,252.2,77.93
15151,frame_15151.png,38.53,43.62,5.28,5.295,2.9652,2.9652,301.74,109.48
15166,frame_15166.png,30.76,38.15,4.268,4.801,4.4477,2.9652,580.85,117.85
15181,frame_15181.png,33.72,44.24,4.719,5.043,2.9652,2.9652,462.6,105.85
15196,frame_15196.png,31.77,41.64,4.702,4.781,4.4477,2.9652,520.91,117.06
15211,frame_15211.png,45.8,52.14,6.109,5.806,2.9652,2.9652,503.48,101.15
15226,frame_15226.png,41.14,48.73,6.164,5.72,2.9652,2.9652,487.76,143.34
15241,frame_15241.png,47.98,49.25,5.981,5.809,2.9652,2.9652,113.24,38.87
15256,frame_15256.png,48.35,52.68,5.433,5.362,2.9652,2.9652,211.59,87.57
15271,frame_15271.png,47.9,55.07,5.751,5.846,1.4826,1.4826,316.75,97.58
15286,frame_15286.png,47.22,55.11,6.013,6.627,1.4826,1.4826,335.0,71.74
15301,frame_15301.png,90.48,103.24,17.804,23.699,0.0,0.0,1332.41,444.02
15316,frame_15316.png,47.1,56.17,6.001,6.422,1.4826,1.4826,506.73,105.76
15331,frame_15331.png,97.3,107.73,22.516,28.845,0.0,0.0,269.54,4.48
15346,frame_15346.png,64.83,70.48,7.836,7.779,0.0,0.0,784.86,334.6
15361,frame_15361.png,46.61,49.48,5.693,6.047,1.4826,1.4826,188.66,39.22
15376,frame_15376.png,41.6,51.89,5.585,6.401,1.4826,1.4826,476.32,92.18
15391,frame_15391.png,37.9,49.38,5.076,5.925,2.9652,1.4826,588.12,84.08
15406,frame_15406.png,31.01,42.96,4.514,5.209,2.9652,1.4826,590.7,89.92
15421,frame_15421.png,29.54,41.46,4.466,5.189,2.9652,1.4826,603.74,90.8
15436,frame_15436.png,27.78,38.15,4.036,5.082,2.9652,2.9652,639.95,91.84
15451,frame_15451.png,27.06,36.39,3.946,4.982,2.9652,2.9652,662.95,92.88
15466,frame_15466.png,26.59,38.24,4.405,5.378,2.9652,2.9652,547.47,95.48
15481,frame_15481.png,39.2,43.38,4.685,5.113,2.9652,1.4826,679.69,95.57
15496,frame_15496.png,30.23,41.17,4.478,5.529,2.9652,2.9652,570.41,102.07
15511,frame_15511.png,26.91,37.61,4.302,5.404,2.9652,2.9652,671.73,102.26
15526,frame_15526.png,30.16,38.68,4.471,5.545,2.9652,2.9652,689.47,102.46
15541,frame_15541.png,39.85,45.15,4.915,5.755,2.9652,1.4826,722.6,103.86
15556,frame_15556.png,32.68,42.15,4.958,6.327,2.9652,1.4826,702.94,109.61
15571,frame_15571.png,32.41,41.12,5.176,6.738,2.9652,1.4826,751.25,106.92
15586,frame_15586.png,29.46,42.59,5.769,6.876,2.9652,1.4826,610.6,117.58
15601,frame_15601.png,52.37,56.58,7.331,8.099,1.4826,1.4826,734.79,108.38
15616,frame_15616.png,32.76,44.19,6.41,7.718,2.9652,1.4826,770.47,112.31
15631,frame_15631.png,28.03,41.23,6.117,7.466,2.9652,1.4826,805.5,115.28
15646,frame_15646.png,56.06,57.59,6.589,6.342,1.4826,1.4826,158.67,67.05
15661,frame_15661.png,53.65,52.03,6.857,7.221,2.9652,2.9652,122.0,28.31
15676,frame_15676.png,35.33,45.77,4.864,5.554,2.9652,2.9652,364.03,56.64
15691,frame_15691.png,32.71,41.82,3.939,5.267,4.4477,2.9652,464.4,53.03
15706,frame_15706.png,31.78,42.04,4.291,5.286,4.4477,2.9652,408.44,56.59
15721,frame_15721.png,32.14,39.78,3.787,4.992,4.4477,2.9652,469.59,55.95
15736,frame_15736.png,41.27,48.09,5.263,5.921,2.9652,2.9652,332.46,57.07
15751,frame_15751.png,31.97,40.79,3.73,4.894,4.4477,2.9652,480.59,62.97
15766,frame_15766.png,36.7,47.4,4.662,5.531,2.9652,2.9652,410.56,62.46
15781,frame_15781.png,32.89,41.13,3.897,4.963,4.4477,2.9652,469.71,61.85
15796,frame_15796.png,40.01,49.56,5.225,5.588,2.9652,2.9652,395.79,61.91
15811,frame_15811.png,33.25,42.47,3.953,5.017,4.4477,2.9652,455.77,55.4
15826,frame_15826.png,32.33,41.79,3.952,5.326,4.4477,2.9652,438.18,55.96
15841,frame_15841.png,33.23,42.37,3.84,5.2,4.4477,2.9652,469.57,55.09
15856,frame_15856.png,39.7,49.51,4.8,5.705,2.9652,2.9652,457.38,53.42
15871,frame_15871.png,32.86,42.18,3.886,5.036,4.4477,2.9652,461.37,55.77
15886,frame_15886.png,32.74,41.31,3.627,5.078,4.4477,2.9652,491.31,55.24
15901,frame_15901.png,36.07,45.29,4.369,5.196,2.9652,2.9652,428.19,56.86
15916,frame_15916.png,31.62,41.05,3.616,5.008,4.4477,2.9652,478.45,55.52
15931,frame_15931.png,34.26,43.44,4.133,5.053,2.9652,2.9652,451.63,59.3
15946,frame_15946.png,32.61,41.39,3.71,5.004,4.4477,2.9652,483.58,55.86
15961,frame_15961.png,34.44,43.63,4.19,5.332,2.9652,2.9652,440.68,56.68
15976,frame_15976.png,37.07,44.18,4.109,5.12,2.9652,2.9652,475.91,52.84
15991,frame_15991.png,35.17,44.65,4.339,5.449,2.9652,2.9652,428.7,56.86
16006,frame_16006.png,32.8,40.22,3.591,4.946,4.4477,2.9652,470.52,52.27
16021,frame_16021.png,40.33,48.91,5.255,5.832,2.9652,2.9652,257.48,48.8
16036,frame_16036.png,30.34,38.74,3.788,5.163,4.4477,2.9652,459.06,47.49
16051,frame_16051.png,39.32,48.77,5.281,5.873,2.9652,2.9652,335.18,51.48
16066,frame_16066.png,34.52,42.16,4.023,5.119,4.4477,2.9652,479.96,49.93
16081,frame_16081.png,34.5,43.8,4.312,5.372,2.9652,2.9652,413.89,51.65
16096,frame_16096.png,31.58,39.46,3.698,4.993,4.4477,2.9652,454.34,49.68
16111,frame_16111.png,43.43,52.45,5.618,5.957,2.9652,2.9652,246.94,45.65
16126,frame_16126.png,35.58,43.23,4.284,5.376,2.9652,2.9652,447.7,53.4
16141,frame_16141.png,32.65,39.85,3.864,5.232,4.4477,2.9652,465.57,50.8
16156,frame_16156.png,31.63,39.73,3.782,5.085,4.4477,2.9652,472.33,47.23
16171,frame_16171.png,30.52,38.66,3.664,5.066,4.4477,2.9652,476.79,48.62
16186,frame_16186.png,35.34,44.89,4.517,5.394,2.9652,2.9652,415.57,47.48
16201,frame_16201.png,32.88,40.71,3.966,5.187,4.4477,2.9652,463.42,46.61
16216,frame_16216.png,35.04,43.94,4.439,5.516,2.9652,2.9652,412.94,47.41
16231,frame_16231.png,35.13,43.61,4.325,5.511,4.4477,2.9652,426.23,47.24
16246,frame_16246.png,34.62,42.21,4.185,5.174,2.9652,2.9652,451.11,43.81
16261,frame_16261.png,36.03,47.15,4.866,5.756,2.9652,2.9652,369.42,48.49
16276,frame_16276.png,37.49,45.32,4.573,5.532,2.9652,2.9652,462.58,47.82
16291,frame_16291.png,30.95,40.67,3.995,5.337,4.4477,2.9652,462.01,49.23
16306,frame_16306.png,35.25,43.14,4.387,5.347,2.9652,2.9652,465.67,48.42
16321,frame_16321.png,31.43,41.02,4.05,5.13,4.4477,2.9652,433.44,50.98
16336,frame_16336.png,30.67,41.2,4.084,5.24,4.4477,2.9652,432.96,51.62
16351,frame_16351.png,30.36,39.53,3.898,5.172,4.4477,2.9652,462.21,49.5
16366,frame_16366.png,40.74,51.61,5.66,6.181,2.9652,2.9652,399.93,48.15
16381,frame_16381.png,35.86,43.33,4.431,5.244,2.9652,2.9652,446.0,46.77
16396,frame_16396.png,38.6,49.4,5.735,6.064,2.9652,2.9652,294.09,49.5
16411,frame_16411.png,33.02,41.25,4.27,5.267,2.9652,2.9652,459.02,50.12
16426,frame_16426.png,46.62,54.39,6.15,6.714,1.4826,1.4826,476.93,114.61
16441,frame_16441.png,51.45,54.59,5.991,6.944,1.4826,1.4826,383.22,127.38
16456,frame_16456.png,35.95,48.84,5.097,6.695,2.9652,1.4826,760.68,141.92
16471,frame_16471.png,32.95,43.54,4.57,6.098,2.9652,1.4826,785.49,138.06
16486,frame_16486.png,32.06,44.43,4.61,5.759,2.9652,1.4826,726.84,140.88
16501,frame_16501.png,39.87,49.94,5.272,6.118,1.4826,1.4826,770.61,140.31
16516,frame_16516.png,33.36,44.23,4.778,5.782,2.9652,1.4826,759.92,141.22
16531,frame_16531.png,27.78,40.59,4.299,6.009,2.9652,2.9652,781.28,141.81
16546,frame_16546.png,33.37,46.87,5.146,6.391,2.9652,1.4826,667.87,151.9
16561,frame_16561.png,38.64,49.99,5.114,6.364,2.9652,1.4826,776.88,140.23
16576,frame_16576.png,30.48,45.3,4.586,6.256,2.9652,1.4826,738.86,141.4
16591,frame_16591.png,27.28,40.85,4.115,5.947,2.9652,2.9652,676.57,133.02
16606,frame_16606.png,27.65,43.85,4.72,6.217,2.9652,2.9652,650.22,150.39
16621,frame_16621.png,25.15,40.18,4.252,6.04,2.9652,2.9652,733.59,151.47
16636,frame_16636.png,29.19,44.75,4.557,5.901,2.9652,2.9652,713.76,154.62
16651,frame_16651.png,24.58,38.4,4.04,5.535,2.9652,2.9652,706.36,148.41
16666,frame_16666.png,25.17,41.45,4.487,5.828,2.9652,2.9652,687.19,159.36
16681,frame_16681.png,24.57,35.76,4.109,4.938,2.9652,2.9652,794.52,212.06
16696,frame_16696.png,26.9,37.2,4.149,4.665,2.9652,2.9652,844.81,247.63
16711,frame_16711.png,37.11,41.44,4.355,4.933,4.4477,2.9652,743.92,242.16
16726,frame_16726.png,31.62,35.84,3.743,4.375,4.4477,2.9652,909.3,294.81
16741,frame_16741.png,34.69,39.01,4.028,4.543,4.4477,2.9652,751.86,252.27
16756,frame_16756.png,34.67,40.8,3.938,4.594,4.4477,2.9652,770.77,252.59
16771,frame_16771.png,40.91,44.52,4.43,5.054,2.9652,2.9652,529.94,190.8
16786,frame_16786.png,30.06,38.85,3.876,4.528,4.4477,2.9652,683.98,169.2
16801,frame_16801.png,29.93,38.7,3.74,4.567,4.4477,4.4477,630.59,165.57
16816,frame_16816.png,32.74,40.63,4.109,4.584,4.4477,2.9652,667.07,170.15
16831,frame_16831.png,51.44,56.55,6.564,6.158,1.4826,1.4826,360.2,71.07
16846,frame_16846.png,84.94,94.94,11.982,12.597,0.0,0.0,316.44,85.48
16861,frame_16861.png,38.14,46.29,4.833,5.642,2.9652,2.9652,321.24,89.76
16876,frame_16876.png,28.73,39.2,4.178,5.196,2.9652,2.9652,488.95,107.79
16891,frame_16891.png,33.11,39.94,4.471,5.283,2.9652,2.9652,414.36,108.52
16906,frame_16906.png,34.46,42.44,4.909,5.516,2.9652,2.9652,421.6,109.15
16921,frame_16921.png,29.8,37.3,4.032,4.849,2.9652,2.9652,503.02,108.82
16936,frame_16936.png,32.85,43.44,4.254,4.996,2.9652,2.9652,474.05,106.62
16951,frame_16951.png,42.42,48.96,6.068,5.749,2.9652,2.9652,225.97,82.56
16966,frame_16966.png,38.42,48.98,5.579,5.842,2.9652,2.9652,295.88,101.61
16981,frame_16981.png,30.16,44.59,4.794,5.46,2.9652,2.9652,496.81,106.45
16996,frame_16996.png,34.62,48.36,5.166,5.718,2.9652,2.9652,444.13,94.01
17011,frame_17011.png,41.01,50.15,5.146,5.762,2.9652,2.9652,274.1,92.85
17026,frame_17026.png,31.15,43.02,4.178,5.305,2.9652,2.9652,498.47,108.83
17041,frame_17041.png,33.28,49.28,4.448,5.41,2.9652,2.9652,470.45,99.49
17056,frame_17056.png,38.62,52.29,5.947,6.222,2.9652,2.9652,368.67,96.03
17071,frame_17071.png,41.66,52.97,6.336,6.395,2.9652,2.9652,379.5,115.7
17086,frame_17086.png,30.26,44.74,4.811,5.3,2.9652,2.9652,506.16,113.54
17101,frame_17101.png,27.75,43.99,4.718,5.388,2.9652,2.9652,498.28,114.36
17116,frame_17116.png,40.13,56.45,6.21,6.97,2.9652,1.4826,374.51,117.94
17131,frame_17131.png,46.46,48.99,5.848,6.048,1.4826,1.4826,289.88,108.14
17146,frame_17146.png,42.89,55.76,5.997,6.872,1.4826,1.4826,424.65,96.35
17161,frame_17161.png,36.57,46.13,4.894,5.866,2.9652,2.9652,449.61,94.8
17176,frame_17176.png,51.58,52.99,7.533,7.64,1.4826,1.4826,385.28,91.35
17191,frame_17191.png,30.64,44.99,4.95,5.499,2.9652,2.9652,520.62,92.81
17206,frame_17206.png,34.95,46.66,5.733,7.104,2.9652,1.4826,553.38,97.29
17221,frame_17221.png,40.42,46.66,5.318,5.548,2.9652,2.9652,323.51,112.93
17236,frame_17236.png,45.12,51.76,5.408,6.23,2.9652,1.4826,256.75,90.39
17251,frame_17251.png,26.83,38.87,4.501,5.197,2.9652,2.9652,532.06,108.78
17266,frame_17266.png,28.03,39.71,4.622,5.401,2.9652,2.9652,536.54,108.95
17281,frame_17281.png,28.43,39.54,4.166,5.187,2.9652,2.9652,590.01,109.79
17296,frame_17296.png,55.16,59.83,6.461,6.711,1.4826,1.4826,235.05,107.12
17311,frame_17311.png,35.28,45.92,4.67,5.61,2.9652,1.4826,458.54,97.01
17326,frame_17326.png,38.4,49.01,5.061,5.884,1.4826,1.4826,466.51,90.63
17341,frame_17341.png,36.21,48.56,5.265,6.14,1.4826,1.4826,451.93,84.76
17356,frame_17356.png,30.99,43.0,4.729,5.522,2.9652,1.4826,491.67,91.31
17371,frame_17371.png,55.26,59.98,5.605,5.596,1.4826,1.4826,589.26,133.52
17386,frame_17386.png,46.9,55.4,5.087,5.299,1.4826,1.4826,659.17,132.1
17401,frame_17401.png,50.25,55.89,5.326,5.465,1.4826,1.4826,655.03,135.79
17416,frame_17416.png,44.33,52.76,5.64,5.71,2.9652,1.4826,427.34,130.03
17431,frame_17431.png,42.27,52.39,5.107,5.597,2.9652,1.4826,590.22,128.92
17446,frame_17446.png,41.2,49.71,5.262,5.866,2.9652,2.9652,562.42,115.46
17461,frame_17461.png,40.93,51.88,5.826,6.052,2.9652,2.9652,543.71,104.52
17476,frame_17476.png,39.65,50.23,5.568,6.083,2.9652,2.9652,572.52,104.37
17491,frame_17491.png,38.59,51.43,5.825,6.082,2.9652,1.4826,596.58,117.01
17506,frame_17506.png,36.44,50.02,5.827,6.238,2.9652,1.4826,694.75,138.05
17521,frame_17521.png,38.53,50.6,5.705,6.057,2.9652,2.9652,305.36,102.34
17536,frame_17536.png,29.42,44.94,4.441,5.307,2.9652,2.9652,514.23,112.29
17551,frame_17551.png,38.29,46.33,6.259,6.684,1.4826,1.4826,568.61,140.75
17566,frame_17566.png,21.95,35.26,4.877,6.744,2.9652,2.9652,642.77,139.63
17581,frame_17581.png,31.86,44.92,5.963,6.741,2.9652,1.4826,634.31,137.69
17596,frame_17596.png,22.15,35.41,4.804,6.453,2.9652,2.9652,655.34,141.69
17611,frame_17611.png,28.91,43.99,4.634,5.281,2.9652,2.9652,483.84,119.92
17626,frame_17626.png,29.4,43.8,4.291,5.293,2.9652,2.9652,552.49,117.49
17641,frame_17641.png,28.53,44.19,4.609,5.188,2.9652,2.9652,502.04,116.59
17656,frame_17656.png,50.81,54.74,6.015,6.243,2.9652,1.4826,199.2,76.9
17671,frame_17671.png,32.23,43.24,5.098,5.573,2.9652,2.9652,456.83,101.58
17686,frame_17686.png,37.94,46.92,6.041,7.233,2.9652,1.4826,512.6,83.58
17701,frame_17701.png,41.57,48.0,5.684,5.776,2.9652,1.4826,268.96,85.32
17716,frame_17716.png,49.53,58.33,7.271,7.951,1.4826,1.4826,464.0,82.94
17731,frame_17731.png,39.82,50.3,5.98,6.217,2.9652,2.9652,343.05,101.43
17746,frame_17746.png,44.52,53.75,6.495,6.983,2.9652,1.4826,329.19,99.93
17761,frame_17761.png,36.47,47.07,5.36,5.682,2.9652,2.9652,374.3,100.74
17776,frame_17776.png,33.11,46.62,5.293,5.544,2.9652,2.9652,530.55,94.01
17791,frame_17791.png,31.47,46.88,4.916,5.473,2.9652,2.9652,531.02,96.86
17806,frame_17806.png,28.32,41.49,4.172,4.943,2.9652,2.9652,597.52,95.54
17821,frame_17821.png,29.35,43.23,4.457,5.048,2.9652,2.9652,548.77,93.34
17836,frame_17836.png,33.42,49.8,5.217,5.988,2.9652,2.9652,486.13,75.27
17851,frame_17851.png,70.21,83.89,7.817,8.501,0.0,0.0,473.55,78.78
17866,frame_17866.png,47.8,50.54,6.443,6.296,2.9652,2.9652,240.6,72.24
17881,frame_17881.png,39.33,49.12,5.138,5.58,2.9652,2.9652,279.25,91.8
17896,frame_17896.png,40.23,50.63,5.576,6.031,2.9652,2.9652,412.15,95.0
17911,frame_17911.png,37.24,45.49,4.687,5.055,2.9652,2.9652,583.72,117.29
17926,frame_17926.png,45.77,52.61,5.866,6.157,2.9652,2.9652,295.07,93.07
17941,frame_17941.png,48.32,52.05,6.311,6.758,2.9652,2.9652,185.09,52.61
17956,frame_17956.png,26.52,43.42,4.375,5.113,2.9652,2.9652,654.09,97.6
17971,frame_17971.png,25.75,33.42,5.436,5.16,2.9652,2.9652,705.1,180.9
17986,frame_17986.png,18.48,29.64,4.814,6.026,2.9652,2.9652,687.09,177.33
18001,frame_18001.png,34.4,45.31,4.682,5.058,2.9652,2.9652,647.33,105.3
18016,frame_18016.png,31.41,44.36,4.386,4.849,2.9652,2.9652,729.54,107.02
18031,frame_18031.png,40.81,50.96,5.891,5.932,2.9652,2.9652,438.51,96.69
18046,frame_18046.png,49.51,55.17,6.357,5.418,1.4826,1.4826,611.72,279.22
18061,frame_18061.png,50.41,52.05,5.932,5.979,2.9652,2.9652,161.13,58.01
18076,frame_18076.png,47.9,51.84,6.117,6.225,2.9652,2.9652,206.46,102.57
18091,frame_18091.png,38.4,51.04,5.544,6.261,2.9652,2.9652,356.21,78.24
18106,frame_18106.png,27.17,37.95,4.307,4.891,4.4477,2.9652,556.31,104.46
18121,frame_18121.png,24.68,36.92,3.888,4.777,4.4477,2.9652,551.75,99.89
18136,frame_18136.png,28.96,41.22,4.489,4.978,4.4477,2.9652,486.85,99.25
18151,frame_18151.png,25.77,37.55,4.201,5.08,4.4477,2.9652,519.14,103.13
18166,frame_18166.png,37.54,49.75,5.319,5.741,2.9652,2.9652,439.73,92.34
18181,frame_18181.png,50.07,50.86,5.359,5.393,2.9652,2.9652,178.53,86.38
18196,frame_18196.png,55.67,62.81,6.542,6.698,1.4826,1.4826,635.26,138.24
18211,frame_18211.png,49.69,52.49,5.662,5.927,2.9652,2.9652,187.86,83.48
18226,frame_18226.png,36.77,44.64,4.928,5.411,2.9652,2.9652,435.31,97.37
18241,frame_18241.png,26.91,36.37,4.123,4.964,4.4477,2.9652,592.12,106.99
18256,frame_18256.png,33.67,46.03,5.16,5.848,2.9652,2.9652,446.13,92.23
18271,frame_18271.png,41.46,49.27,5.994,6.117,2.9652,2.9652,355.6,102.5
18286,frame_18286.png,47.83,53.27,6.354,5.946,1.4826,1.4826,375.77,171.76
18301,frame_18301.png,40.13,51.15,5.118,5.984,2.9652,2.9652,228.72,43.05
18316,frame_18316.png,45.89,49.65,5.737,5.914,2.9652,2.9652,305.0,48.24
18331,frame_18331.png,41.32,52.52,5.945,6.364,2.9652,2.9652,327.51,98.07
18346,frame_18346.png,38.98,44.63,5.082,5.391,2.9652,2.9652,171.98,62.0
18361,frame_18361.png,23.78,35.76,4.1,5.072,2.9652,2.9652,527.93,78.96
18376,frame_18376.png,23.49,35.03,4.141,5.187,2.9652,2.9652,533.29,78.04
18391,frame_18391.png,21.36,33.29,3.883,5.028,2.9652,2.9652,560.66,78.54
18406,frame_18406.png,20.95,32.53,3.828,4.968,2.9652,2.9652,564.96,81.33
18421,frame_18421.png,27.78,39.44,4.512,5.345,2.9652,2.9652,522.23,79.12
18436,frame_18436.png,22.65,33.26,4.011,5.048,2.9652,2.9652,551.68,79.79
18451,frame_18451.png,33.04,43.02,5.165,5.797,2.9652,2.9652,351.96,76.24
18466,frame_18466.png,27.4,36.3,4.358,5.339,2.9652,2.9652,514.34,74.0
18481,frame_18481.png,33.73,43.66,5.113,5.956,2.9652,2.9652,427.43,70.73
18496,frame_18496.png,29.73,39.97,4.416,5.241,2.9652,2.9652,497.95,95.06
18511,frame_18511.png,32.63,42.72,4.79,5.056,2.9652,2.9652,403.05,106.25
18526,frame_18526.png,28.79,36.46,4.216,5.03,2.9652,2.9652,580.51,197.06
18541,frame_18541.png,33.59,40.76,4.541,5.177,2.9652,2.9652,582.79,199.49
18556,frame_18556.png,30.63,36.39,4.145,4.763,2.9652,2.9652,575.49,195.01
18571,frame_18571.png,29.78,37.0,3.985,4.85,2.9652,2.9652,612.19,206.65
18586,frame_18586.png,27.83,35.08,4.142,4.827,2.9652,2.9652,569.81,187.57
18601,frame_18601.png,29.28,36.58,3.885,4.751,2.9652,2.9652,605.66,197.38
18616,frame_18616.png,25.49,29.12,3.634,4.209,2.9652,2.9652,762.88,266.25
18631,frame_18631.png,25.72,32.88,3.659,4.577,2.9652,2.9652,625.67,200.49
18646,frame_18646.png,27.54,35.25,3.738,4.646,2.9652,2.9652,648.22,202.43
18661,frame_18661.png,26.8,40.49,4.081,5.09,2.9652,2.9652,490.15,90.51
18676,frame_18676.png,26.91,37.49,3.881,4.594,2.9652,2.9652,549.77,107.88
18691,frame_18691.png,26.52,37.94,4.099,4.617,2.9652,2.9652,514.83,137.16
18706,frame_18706.png,29.17,37.4,3.723,4.467,2.9652,2.9652,552.72,141.77
18721,frame_18721.png,26.86,34.68,3.907,4.455,2.9652,2.9652,574.53,195.51
18736,frame_18736.png,30.6,36.51,3.961,4.519,2.9652,2.9652,624.03,224.72
18751,frame_18751.png,29.91,35.36,3.812,4.403,2.9652,2.9652,654.54,253.14
18766,frame_18766.png,26.87,30.45,3.635,4.097,2.9652,2.9652,714.82,293.67
18781,frame_18781.png,27.06,30.8,3.406,4.044,4.4477,2.9652,742.35,291.13
18796,frame_18796.png,56.82,56.85,5.43,5.879,1.4826,1.4826,283.1,169.53
18811,frame_18811.png,48.88,50.19,5.871,5.882,2.9652,2.9652,154.81,72.37
18826,frame_18826.png,33.38,40.35,4.76,4.964,2.9652,2.9652,483.25,185.07
18841,frame_18841.png,47.69,50.32,5.874,6.075,2.9652,2.9652,206.87,58.37
18856,frame_18856.png,48.23,49.26,5.807,6.173,2.9652,2.9652,108.42,31.35
18871,frame_18871.png,41.4,47.76,4.648,5.344,2.9652,2.9652,414.43,148.49
18886,frame_18886.png,33.94,42.01,4.293,5.148,2.9652,2.9652,569.77,184.43
18901,frame_18901.png,29.62,35.76,3.772,4.45,2.9652,2.9652,724.0,262.27
18916,frame_18916.png,28.84,33.69,3.77,4.469,2.9652,2.9652,758.53,273.5
18931,frame_18931.png,29.33,30.29,3.627,4.324,2.9652,2.9652,833.97,318.34
18946,frame_18946.png,32.15,35.01,4.112,4.687,2.9652,2.9652,674.84,243.21
18961,frame_18961.png,28.33,31.06,3.809,4.426,2.9652,2.9652,728.14,271.44
18976,frame_18976.png,26.49,32.19,3.877,4.786,2.9652,2.9652,504.09,118.03
18991,frame_18991.png,30.15,38.37,4.303,4.95,2.9652,2.9652,504.99,112.18
19006,frame_19006.png,49.67,52.56,5.778,5.575,2.9652,2.9652,139.41,63.7
19021,frame_19021.png,44.83,47.09,5.112,5.186,4.4477,4.4477,258.4,95.35
19036,frame_19036.png,33.08,36.92,3.85,4.233,5.9303,5.9303,548.46,133.79
19051,frame_19051.png,31.95,35.95,3.806,3.996,7.4129,5.9303,641.15,152.2
19066,frame_19066.png,29.69,35.12,3.565,4.071,7.4129,5.9303,574.99,142.99
19081,frame_19081.png,36.48,40.01,4.344,4.406,5.9303,4.4477,308.77,96.37
19096,frame_19096.png,41.91,42.94,4.753,4.922,4.4477,4.4477,251.61,116.04
19111,frame_19111.png,39.13,44.32,4.571,4.926,4.4477,4.4477,302.69,105.28
19126,frame_19126.png,30.91,37.28,3.851,4.339,5.9303,4.4477,495.01,136.72
19141,frame_19141.png,49.19,52.17,6.172,6.632,1.4826,1.4826,249.66,30.67
19156,frame_19156.png,51.54,53.77,7.021,6.963,1.4826,1.4826,202.64,54.34
19171,frame_19171.png,47.62,46.85,5.503,5.443,2.9652,2.9652,220.81,94.76
19186,frame_19186.png,43.43,44.31,5.93,5.808,2.9652,2.9652,259.27,99.97
19201,frame_19201.png,33.24,36.49,4.894,5.137,4.4477,2.9652,459.17,146.16
19216,frame_19216.png,30.27,35.77,4.356,4.803,4.4477,4.4477,592.99,159.72
19231,frame_19231.png,44.3,43.97,5.666,5.685,2.9652,2.9652,255.36,103.5
19246,frame_19246.png,28.04,34.5,4.346,4.641,2.9652,2.9652,691.65,156.98
19261,frame_19261.png,25.67,33.41,4.083,4.542,2.9652,2.9652,691.48,151.77
19276,frame_19276.png,24.48,32.13,4.006,4.329,2.9652,2.9652,689.26,154.16
19291,frame_19291.png,39.1,39.13,5.182,5.296,2.9652,2.9652,301.73,137.58
19306,frame_19306.png,30.73,36.52,4.457,4.842,2.9652,2.9652,587.18,144.88
19321,frame_19321.png,27.26,33.96,4.15,4.804,4.4477,2.9652,637.18,143.27
19336,frame_19336.png,34.73,38.1,4.802,5.203,2.9652,2.9652,455.9,129.09
19351,frame_19351.png,30.64,35.96,4.529,5.001,2.9652,2.9652,540.93,142.39
19366,frame_19366.png,31.61,35.74,4.602,5.014,2.9652,2.9652,385.5,104.66
19381,frame_19381.png,44.6,44.31,5.536,4.85,4.4477,2.9652,334.92,147.97
19396,frame_19396.png,44.8,44.91,5.607,5.474,2.9652,2.9652,261.29,117.16
19411,frame_19411.png,41.17,43.66,5.348,5.286,4.4477,2.9652,372.56,147.31
19426,frame_19426.png,32.32,38.62,4.527,4.85,4.4477,2.9652,648.69,169.75
19441,frame_19441.png,34.51,39.68,4.986,5.052,4.4477,2.9652,691.83,182.82
19456,frame_19456.png,32.71,38.83,4.79,4.917,4.4477,2.9652,722.59,176.26
19471,frame_19471.png,34.23,41.35,4.945,5.078,4.4477,2.9652,649.62,173.8
19486,frame_19486.png,31.95,40.91,4.78,4.903,4.4477,2.9652,726.11,181.13
19501,frame_19501.png,33.17,40.79,4.787,4.71,4.4477,2.9652,726.29,184.72
19516,frame_19516.png,29.89,38.68,4.517,4.729,4.4477,2.9652,745.3,190.52
19531,frame_19531.png,31.21,39.86,4.676,4.791,4.4477,2.9652,666.67,179.69
19546,frame_19546.png,32.5,41.03,4.701,4.8,4.4477,2.9652,665.95,178.02
19561,frame_19561.png,40.0,46.69,5.316,5.512,4.4477,2.9652,586.48,172.33
19576,frame_19576.png,31.97,39.43,4.631,4.943,4.4477,2.9652,704.35,181.38
19591,frame_19591.png,31.93,40.19,4.763,4.874,4.4477,2.9652,664.75,183.82
19606,frame_19606.png,28.73,37.19,4.647,4.607,4.4477,2.9652,715.05,182.66
19621,frame_19621.png,32.14,40.55,4.639,5.021,4.4477,2.9652,720.96,178.33
19636,frame_19636.png,31.03,37.78,4.836,4.781,4.4477,4.4477,674.9,181.63
19651,frame_19651.png,30.81,36.9,4.494,4.74,4.4477,4.4477,726.31,188.22
19666,frame_19666.png,34.36,40.42,4.925,5.172,4.4477,2.9652,587.16,169.94
19681,frame_19681.png,29.5,36.27,4.572,4.883,4.4477,4.4477,752.22,183.77
19696,frame_19696.png,33.17,39.79,4.845,4.97,4.4477,4.4477,618.51,190.17
19711,frame_19711.png,32.37,39.59,4.523,4.864,4.4477,4.4477,751.49,183.72
19726,frame_19726.png,31.87,37.93,4.695,4.842,4.4477,4.4477,639.45,192.9
19741,frame_19741.png,30.51,39.17,4.801,4.823,4.4477,4.4477,705.01,191.4
19756,frame_19756.png,47.6,51.23,6.004,5.765,4.4477,2.9652,227.34,91.99
19771,frame_19771.png,60.15,65.03,7.13,7.083,1.4826,1.4826,376.37,70.8
19786,frame_19786.png,48.16,56.54,5.516,6.082,1.4826,1.4826,571.81,88.47
